key,"en","de","fr","es"
STR_ABOUT,"about","ÜBER","À PROPOS DE","SOBRE"
STR_ACCELERATION,"Acceleration","Beschleunigung","Accélération","Aceleración"
STR_ACCURACY,"Accuracy: ","Genauigkeit: ","Précision: ","Precisión: "
STR_ACCURACY_SCORE,"Accuracy bonus: ","Genauigkeitsbonus: ","Bonus de précision: ","Puntos extra por precisión: "
STR_ACHIEVEMENTS,"awards","PREISE","PRIX","galardones"
STR_ARCADE_DINOS,"Dinosaurs shot: ","Erlegte Dinosaurier: ","Dinosaures tués: ","Dinosaurios alcanzados por disparos: "
STR_ARCADE_SCORE,"YOUR SCORE IS: ","PUNKTZAHL: ","TON SCORE EST DE: ","TU PUNTUACIÓN ES: "
STR_ARCADE_SCORE_TROPHY,"The highest score: ","Hochstpunktzahl: ","Meilleur score: ","La puntuación más alta: "
STR_ARCADE_WAVES,"Waves withstood: ","Überstandene Angriffswellen: ","Vagues repoussées: ","Oleadas enfrentadas: "
STR_ARCADE_WAVES_TROPHY,"Maximum waves withstood: ","Meiste überstandene Angriffswellen: ","Nombre maximum de vagues repoussées: ","Máxima cantidad de oleadas enfrentadas: "
STR_AREA1,"Delphaeus Hills","Delphaeus-Hugel","COLLINES DE DELPHAEUS","Colinas de Delphaeus"
STR_AREA1_INFO,"The smallest island on the tour. The rolling \nhills surround an enormous bay. Impassible \nmountains make deadly traps for the \nunwary. In the center of the island is a \nlarge chasm of unknown origin, \nand the deserted remains of \nan archaeology outpost.\n\nMild difficulty.","Die kleinste aller Inseln. Sanfte Hügel schließen\neine riesige Bucht ein. Unüberwindliche Berge\nwerden leicht zu einer Todesfalle für unachtsame\nJäger. Im Zentrum der Insel befinden sich\neine tiefe Schlucht unbekannten\nUrsprungs und die verlassenen\nÜberreste einer Ausgrabungsstätte.\n\nLeichter Schwierigkeitsgrad.","La plus petite île proposée. Des collines\nentourent une immense baie. Les montagnes\ninfranchissables peuvent devenir un piège\nmortel. Au centre de l'île se trouve un\n profond gouffre d'origine inconnue et les\n ruines d'un camp archéologique\nabandonné.\n\nDifficulté intermédiaire.","Es la isla más pequeña que encontrarás en tu\nrecorrido. Las colinas ondulantes rodean a una\nbahía inmensa. Las montañas impenetrables\nse convierten en trampas mortales para\nlos cazadores incautos. En el centro de la\nisla se encuentra un abismo de origen\ndesconocido y junto a él los restos\nabandonados de un puesto\nde arqueología.\nDificultad leve."
STR_AREA2,"Fort Ciskin","Fort Ciskin","FORT CISKIN","Fuerte Ciskin"
STR_AREA2_INFO,"A good sized area consisting of dense pine\n forests encircling a murky swamp. In the\n southeast corner lies an abandoned\n settlement guarded by a towering\n \""Dinosaur Wall\"", that now lies in\n ruins from the fury of a T-Rex.\n\nMild difficulty.","Ein mittelgroßes Gebiet mit dichten\nPinienwäldern, die einen düsteren Sumpf\numschließen. Im Südöstlich liegt eine\nverlassene Siedlung mit einem imposanten\n\""Dinosaurier-Schutzwall\"", der jedoch von\neinem tobenden T-Rex verwüstet wurde.\n\nLeichter Schwierigkeitsgrad.","Une vaste région constituée d'une\n dense forêt de résineux entourant un\n marais boueux. Au Sud-est se trouve\nun camp abandonné protégé par un grand\n\""Mur anti-dinosaures\"", en ruines depuis\n qu'un tyrannosaure en colère l'a attaqué.\n\nDifficulté intermédiaire.","Es una zona de buenas proporciones formada por\ndensos bosques de pinos que rodean a un pantano\nturbio. En el rincón sudoeste del mapa yace\nun asentamiento abandonado, el cual está\ncustodiado por un gigantesco \""Muro anti-\ndinosaurios\"", que se encuentra en ruinas\ndesde el ataque de un poderoso T. rex.\n\nDificultad leve."
STR_AREA3,"Vengar Fjords","Vengar-Fjord","FJORDS DE VENGAR","Fiordos de Vengar"
STR_AREA3_INFO,"Lush pockets of vegetation, and thousands of\n inlets cover this area. This beautiful but\n treacherous piece of land includes \nan ancient volcano. Be careful when \nwandering the virtual maze of water \nand mountains created by glaciers \nmillions of years ago.\n\nIntermediate difficulty.","Dieses Gebiet ist üppig bewachsen und von\ntausenden Wasserläufen durchzogen. Ein\nschönes, jedoch trügerisches Stück Land mit\neinem alten Vulkan. Beim Durchstreifen der\nlabyrinthischen Wasserwege und Gebirge\naus der letzten Eiszeit vor Jahrmillionen\nist höchste Vorsicht geboten.\n\nMittlerer Schwierigkeitsgrad.","Cette région est constituée de poches\n de végétation luxuriante et d'innombrables\n criques. Ce territoire, magnifique mais\n dangereux, abrite également un volcan.\n Sois prudent quand tu iras t'aventurer\ndans le dédale de cours d'eau et\nde montagnes, façonné par les glaciers\nil y a des millions d'années. \n\nDifficulté intermédiaire.","Esta zona está cubierta por una vegetación\n exuberante y está llena de entradas y ensenadas.\nEste paraje es tan hermoso como traicionero,\nademás de contar con un gigantesco y\nantiguo volcán. Ten cuidado cuando\ndeambules por el laberinto virtual de\nagua y montañas creado por glaciares\nhace millones de años.\n\nDificultad intermedia."
STR_AREA4,"Manya Jungle","Manya-Dschungel","JUNGLE DE MANYA","Jungla de Manya"
STR_AREA4_INFO,"Ringed with snow-capped mountains, this \nhunting area is rumored to be a nesting \nground for some of the larger dinosaurs. \nMuddy marshes to the southwest, and \na long abandoned \""Dinosaur Wall\"" \nmake this one of the most mysterious \nareas on the tour.\n\nIntermediate difficulty.","Von diesem mit schneebedeckten Bergen\numschlossenen Jagdgebiet sagt man, es sei ein\nNistgebiet für großere Dinosaurierarten. Ein\nSumpfgebiet im Südwesten und ein längst\naufgegebener \""Dinosaurier-Schutzwall\""\nverleihen diesem Gebiet einen\nmysteriösen Flair.\n\nMittlerer Schwierigkeitsgrad.","Entourée de montagnes enneigées, il\n se dit que cette zone de chasse\n hébergerait les plus grands dinosaures.\n Un marais au Sud-est et un long\n \""Mur anti-dinosaures\"" en font l'une des\n destinations les plus\nmystérieuses de DinoHunt Corp.\n\nDifficulté intermédiaire.","Esta zona de cacería está circundada por montañas\nde cimas nevadas y se dice que aquí es donde\n hacen sus nidos los dinosaurios más grandes. Es\nuna de las zonas más misteriosas del\nrecorrido, hacia el sudoeste está\nconformada por pantanos fangosos y por\nun largo \""Muro anti-dinosaurios\""\nabandonado.\n\nDificultad intermedia."
STR_AREA5,"Mount Ravan","Ravan-Gebirge","MONT RAVAN","Monte Ravan"
STR_AREA5_INFO,"This island, broken by waterways and \nmountains is the most difficult by far. \nThe frozen peaks of Mt. Ravan overlook \na thick tropical forest that may quickly \nbecome a deadly maze where hidden \ndanger abounds. Be careful of the \nactive lavaflow to the south as well.\n\nAdvanced difficulty.","Diese bergige, von Flüssen durchzogene Insel\nist mit Abstand die schwierigste aller Inseln. Die\nverschneiten Gipfel des Ravan-Gebirges\nüberblicken ein tropisches Dickicht voller\nversteckter Gefahren, das leicht zu\neiner tückischen Falle werden kann.\nEine weitere Gefahr ist der aktive\nLavastrom im Suden.\nFortgeschrittener Schwierigkeitsgrad.","Cette île, sillonnée de voies d'eau et de\nmontagnes, est de loin la zone la plus difficile.\n Les pics glacés du mont Ravan surplombent\nle labyrinthe mortel d'une forêt \n tropicale, où les dangers abondent.\n Méfie-toi également de l'activité\nvolcanique au Sud. \n\nDifficulté avancée.","Esta isla es la que más dificultades presentará,\n gracias a sus canales navegables y a sus\nmontañas. Los picos congelados del Monte\nRavan custodian un bosque tropical muy\ndenso, que en situaciones donde abunde\nel peligro, se convertirá en un laberinto\nmortal. Al sur se encuentra un flujo\nde lava activo, ¡ten mucho cuidado!\n\nDificultad avanzada."
STR_AREA6,"Ravaren's Bridge","Ravaren-Brucke","RAVAREN'S BRIDGE","Puente de Ravaren"
STR_AREA6_INFO,"This series of islands covered with lakes and\nfrigid swamps is connected by an elevated\nbridge system. Pine trees cover this\notherwise barren area, making\ngood cover for hunter\nand prey alike.\n\nMild difficulty.","Diese Inselgruppe mit ihren Seen und eisigen\nSümpfen ist über ein Bruckensystem miteinander\nverbunden. Pinien bedecken dieses ansonsten\nöde Land und bieten sowohl Jägern\nals auch Beute gute Deckung.\n\nLeichter Schwierigkeitsgrad.","Ces îles couvertes de lacs et de marais glacés \nsont reliées entre elles par un système de ponts\nsurélevés. La zone est désolée,\nà l'exception des pins qui constituent\nun bon camouflage pour le chasseur\ncomme pour ses proies.\n\nDifficulté intermédiaire.","Esta cadena de islas está conectada por un\n sistema de puentes elevados, cada isla está\ncubierta por lagos y pantanos helados.\nLos pinos se esparcen por toda esta\nzona árida, lo que la convierte en un\n lugar beneficioso tanto para el\n cazador como para la presa.\n\nDificultad leve."
STR_AREA7,"Nibelungen Paradise","Nibelungens Paradies","NIBELUNGEN PARADIS","ParaÍso Del Nibelungo"
STR_AREA7_INFO,"An area of contrasts. Look in one direction \nand see a beautiful sandy bay. Look in \nanother - and see high mountains which \nform an almost closed circle. Clouds \ngather in this circle and make \nvisibility poor so use all your senses \nto track down the animals.\n\nAdvanced difficulty.","Eine Fläche von Kontrasten. Schauen Sie in die\neine Richtung und sehen eine schöne Sandbucht.\nSchauen Sie in anderes - und sehen hohe\nBerge, die einen nahezu geschlossenen\nKreis bilden. Wolken versammeln sich\nin diesem Kreis und machen schlechten\nSichtverhältnissen so verwenden allen\nSinnen um der Tiere zu jagden.\nFortgeschrittener Schwierigkeitsgrad.","Un espace de contrastes. Reardez dans une\ndirection et vous voyez une belle baie sableux.\nRegardez dans une autre direction et vouz voyez\nles hautes montagnes qui forment un cercle\npresque fermé. Les nuages se réunissent\ndans ce cercle et reduissent la visibilité\nalors utilisez tous vos sens pour localiser\nles animaux.\n\nDifficulté avancée.","Un área de contrastes. Mira en una dirección y ve\nuna hermosa bahía arenosa. Mira en la otra\ndirección y ve altas montañas que forman un\ncírculo casi cerrado. Las nubes se juntan y\nprovocan una visibilidad escaza por lo que\ndebes usar todos tus sentidos para\nrastrear a los animales.\n\nDificultad avanzada."
STR_AREA_MAP,"AREA MAP","GEBIETSKARTE","CARTE DE ZONE","MAPA DEL ÁREA"
STR_BACK,"back","ZURÜCK","RETOUR","VOLVER"
STR_BINOCULARS_DISTANCE,"Distance: ","Entfernung: ","Distance: ","Distancia: "
STR_BINOCULARS_WEIGHT,"Weight: ","Gewicht: ","Poids: ","Peso: "
STR_BLOOD_TRAILS,"BLOOD TRAILS","BLUTSPUREN","TRACES DE SANG","RASTROS DE SANGRE"
STR_BRIGHTNESS,"Brightness","Helligkeit","Luminosité","Brillo"
STR_UPGRADE,"upgrade","Jetzt kaufen!","Achète-le !","¡Consíguelo!"
STR_BUY_FULL_VERSION,"BUY FULL GAME TO GET ENDLESS SURVIVE!","DER ÜBERLEBENSMODUS IN DER\nVOLLVERSION IST UNBEGRENZT!","ACHÈTE LE JEU COMPLET POUR\nACCÉDER À LA SURVIE INFINIE!","¡COMPRA EL JUEGO COMPLETO PARA\nOBTENER SUPERVIVENCIA ILIMITADA!"
STR_CAMOUFLAGE_FULL,"CAMOUFLAGE","TARNUNG","CAMOUFLAGE","CAMUFLAJE"
STR_CANCEL,"Cancel","Zurück","Annuler","Cancelar"
STR_COVER_SCENT_FULL,"COVER SCENT","TARNGERUCH","COUVRE-ODEUR","MATA ESENCIA"
STR_CREDITS_ANDROID,"#5Carnivores: Dinosaur Hunter\n#0ver.: ${version}\n\n#5Tatem Games\n#0Creative Director: Yaroslav Kravchenko\nArt Director: Andrey Tykhonchuk\nProducer: Ivan Pogodichev\nProgramming: Dmitry Nechay,\nAnton Breusov,\nDmitry Ivanov,\nIgor Leontiev,\nMichael Beloded,\nConstantine Dementiev,\nConstantine Ivanov,\nEkaterina Zakharova\nGame design: Andrey Tykhonchuk,\nDmitry Nechay\nArtwork: Michael Korshunov\nSound: Ivan Pogodichev\nQA: Vitaliy Litvinchuk,\nKate Lisnevskaya,\nDmitry Argirov\nPR: Olga Voitenko\nExecutive Director: Igor Karev\n\n#5Action Forms\n#0Programming: Oleg Slusar,\nArtem Kuravchenko,\nAlexey Menshikov\nArtwork: Yaroslav Kravchenko,\nAlexey Sergiy\nGame design: Andrey Sharanevich,\nAlexander Tugaenko,\nDenis Vereschagin\nSound: Alexey Menshikov\nBiz: Igor Karev\n\n#5Special Thanks\n#0Garrett Howard (a.k.a. Saurian Target)\nES localization: Magnathrax\n'The Carnivores Saga'\nKerem Beyit\nZachary Murphy King\nLauren Karubian\n\nCopyrights 2018, Tatem Games.\nAll rights reserved.\nwww.tatemgames.com\n\nCopyrights 2018, Action Forms Ltd.\nAll rights reserved.\n\nAudio engine:\nFMOD Sound System by Firelight Technologies.","#5Carnivores: Dinosaur Hunter\n#0ver.: ${version}\n\n#5Tatem Games\n#0Kreativdirektor: Yaroslav Kravchenko\nArt Director: Andrey Tykhonchuk\nProduzent: Ivan Pogodichev\nProgrammierung: Dmitry Nechay,\nAnton Breusov,\nDmitry Ivanov,\nMichael Beloded,\nConstantine Ivanov,\nEkaterina Zakharova\nSpieledesign: Andrey Tykhonchuk,\nDmitry Nechay\nIllustrationen: Michael Korshunov\nTon: Ivan Pogodichev\nQA: Vitaliy Litvinchuk,\nKate Lisnevskaya,\nDmitry Argirov\nPR: Olga Voitenko\nVerantwortlicher Direktor: Igor Karev\n\n#5Action Forms\n#0Programmierung: Oleg Slusar,\nArtem Kuravchenko,\nAlexey Menshikov\nIllustrationen: Yaroslav Kravchenko,\nAlexey Sergiy\nSpieledesign: Andrey Sharanevich,\nAlexander Tugaenko,\nDenis Vereschagin\nTon: Alexey Menshikov\nBusiness: Igor Karev\n\n#5Besonderer Dank an\n#0Garrett Howard (a.k.a. Saurian Target)\nES localization: Magnathrax\n'The Carnivores Saga'\nKerem Beyit\nZachary Murphy King\nLauren Karubian\n\nCopyrights 2018, Tatem Games.\nAlle Rechte vorbehalten.\nwww.tatemgames.com\n\nCopyrights 2018, Action Forms Ltd.\nAlle Rechte vorbehalten.\n\nAudio engine:\nFMOD Sound System by Firelight Technologies.","#5Carnivores: Dinosaur Hunter\n#0ver.: ${version}\n\n#5Tatem Games\n#0Directeur de création: Yaroslav Kravchenko\nDirecteur artistique: Andrey Tykhonchuk\nProducteur: Ivan Pogodichev\nProgrammation: Dmitry Nechay,\nAnton Breusov,\nDmitry Ivanov,\nIgor Leontiev,\nMichael Beloded,\nConstantine Ivanov,\nEkaterina Zakharova\nGame design: Andrey Tykhonchuk,\nDmitry Nechay\nGraphismes: Michael Korshunov\nSon: Ivan Pogodichev\nQA: Vitaliy Litvinchuk,\nKate Lisnevskaya,\nDmitry Argirov\nRelations presse: Olga Voitenko\nDirecteur exécutif: Igor Karev\n\n#5Action Forms\n#0Programmation: Oleg Slusar,\nArtem Kuravchenko,\nAlexey Menshikov\nGraphismes: Yaroslav Kravchenko,\nAlexey Sergiy\nGame design: Andrey Sharanevich,\nAlexander Tugaenko,\nDenis Vereschagin\nSon: Alexey Menshikov\nBiz: Igor Karev\n\n#5Remerciements à\n#0Garrett Howard (a.k.a. Saurian Target)\nES localization: Magnathrax\n'The Carnivores Saga'\nKerem Beyit\nZachary Murphy King\nLauren Karubian\n\nCopyrights 2018, Tatem Games.\nTous droits réservés.\nwww.tatemgames.com\n\nCopyrights 2018, Action Forms Ltd.\nTous droits réservés.\n\nMoteur audio:\nFMOD Sound System by Firelight Technologies.","#5Carnivores: Dinosaur Hunter\n#0ver.: ${version}\n\n#5Tatem Games\n#0Director creativo: Yaroslav Kravchenko\nArt Director: Andrey Tykhonchuk\nProductor: Ivan Pogodichev\nProgramación: Dmitry Nechay,\nAnton Breusov,\nDmitry Ivanov,\nIgor Leontiev,\nMichael Beloded,\nConstantine Ivanov,\nEkaterina Zakharova\nDiseño del juego: Andrey Tykhonchuk,\nDmitry Nechay\nIlustraciones: Michael Korshunov\nSonido: Ivan Pogodichev\nQA: Vitaliy Litvinchuk,\nKate Lisnevskaya,\nDmitry Argirov\nRP: Olga Voitenko\nDirector ejecutivo: Igor Karev\n\n#5Action Forms\n#0Programación: Oleg Slusar,\nArtem Kuravchenko,\nAlexey Menshikov\nIlustraciones: Yaroslav Kravchenko,\nAlexey Sergiy\nDiseño del juego: Andrey Sharanevich,\nAlexander Tugaenko,\nDenis Vereschagin\nSonido: Alexey Menshikov\nBiz: Igor Karev\n\n#5Agradecimiento especial para\n#0Garrett Howard (a.k.a. Saurian Target)\nES localization: Magnathrax\n'La saga de Carnívoros'\nKerem Beyit\nZachary Murphy King\nLauren Karubian\niLand.ua\n\nCopyrights 2018, Tatem Games.\nTodos los derechos reservados.\nwww.tatemgames.com\n\nCopyrights 2018, Action Forms Ltd.\nTodos los derechos reservados.\n\nMotor de audio:\nFMOD Sound System by Firelight Technologies."
STR_CREDITS_FULL,"#5Carnivores: Dinosaur Hunter\n#0ver.: ${version} PRO\n\n#5Tatem Games\n#0Creative Director: Yaroslav Kravchenko\nArt Director: Andrey Tykhonchuk\nProducer: Ivan Pogodichev\nProgramming: Dmitry Nechay,\nAnton Breusov,\nDmitry Ivanov,\nIgor Leontiev,\nMichael Beloded,\nConstantine Dementiev,\nConstantine Ivanov,\nEkaterina Zakharova\nGame design: Andrey Tykhonchuk,\nDmitry Nechay\nArtwork: Michael Korshunov\nSound: Ivan Pogodichev\nQA: Vitaliy Litvinchuk,\nKate Lisnevskaya,\nDmitry Argirov\nPR: Olga Voitenko\nExecutive Director: Igor Karev\n\n#5Action Forms\n#0Programming: Oleg Slusar,\nArtem Kuravchenko,\nAlexey Menshikov\nArtwork: Yaroslav Kravchenko,\nAlexey Sergiy\nGame design: Andrey Sharanevich,\nAlexander Tugaenko,\nDenis Vereschagin\nSound: Alexey Menshikov\nBiz: Igor Karev\n\n#5Special Thanks\n#0Garrett Howard (a.k.a. Saurian Target)\nES localization: Magnathrax\n'The Carnivores Saga'\nKerem Beyit\nZachary Murphy King\nLauren Karubian\n\nCopyrights 2018, Tatem Games.\nAll rights reserved.\nwww.tatemgames.com\n\nCopyrights 2018, Action Forms Ltd.\nAll rights reserved.\n\nAudio engine:\nFMOD Sound System by Firelight Technologies.","#5Carnivores: Dinosaur Hunter\n#0ver.: ${version} PRO\n\n#5Tatem Games\n#0Kreativdirektor: Yaroslav Kravchenko\nArt Director: Andrey Tykhonchuk\nProduzent: Ivan Pogodichev\nProgrammierung: Dmitry Nechay,\nAnton Breusov,\nDmitry Ivanov,\nMichael Beloded,\nConstantine Ivanov,\nEkaterina Zakharova\nSpieledesign: Andrey Tykhonchuk,\nDmitry Nechay\nIllustrationen: Michael Korshunov\nTon: Ivan Pogodichev\nQA: Vitaliy Litvinchuk,\nKate Lisnevskaya,\nDmitry Argirov\nPR: Olga Voitenko\nVerantwortlicher Direktor: Igor Karev\n\n#5Action Forms\n#0Programmierung: Oleg Slusar,\nArtem Kuravchenko,\nAlexey Menshikov\nIllustrationen: Yaroslav Kravchenko,\nAlexey Sergiy\nSpieledesign: Andrey Sharanevich,\nAlexander Tugaenko,\nDenis Vereschagin\nTon: Alexey Menshikov\nBusiness: Igor Karev\n\n#5Besonderer Dank an\n#0Garrett Howard (a.k.a. Saurian Target)\nES localization: Magnathrax\n'The Carnivores Saga'\nKerem Beyit\nZachary Murphy King\nLauren Karubian\n\nCopyrights 2018, Tatem Games.\nAlle Rechte vorbehalten.\nwww.tatemgames.com\n\nCopyrights 2018, Action Forms Ltd.\nAlle Rechte vorbehalten.\n\nAudio engine:\nFMOD Sound System by Firelight Technologies.","#5Carnivores: Dinosaur Hunter\n#0ver.: ${version} PRO\n\n#5Tatem Games\n#0Directeur de création: Yaroslav Kravchenko\nDirecteur artistique: Andrey Tykhonchuk\nProducteur: Ivan Pogodichev\nProgrammation: Dmitry Nechay,\nAnton Breusov,\nDmitry Ivanov,\nIgor Leontiev,\nMichael Beloded,\nConstantine Ivanov,\nEkaterina Zakharova\nGame design: Andrey Tykhonchuk,\nDmitry Nechay\nGraphismes: Michael Korshunov\nSon: Ivan Pogodichev\nQA: Vitaliy Litvinchuk,\nKate Lisnevskaya,\nDmitry Argirov\nRelations presse: Olga Voitenko\nDirecteur exécutif: Igor Karev\n\n#5Action Forms\n#0Programmation: Oleg Slusar,\nArtem Kuravchenko,\nAlexey Menshikov\nGraphismes: Yaroslav Kravchenko,\nAlexey Sergiy\nGame design: Andrey Sharanevich,\nAlexander Tugaenko,\nDenis Vereschagin\nSon: Alexey Menshikov\nBiz: Igor Karev\n\n#5Remerciements à\n#0Garrett Howard (a.k.a. Saurian Target)\nES localization: Magnathrax\n'The Carnivores Saga'\nKerem Beyit\nZachary Murphy King\nLauren Karubian\n\nCopyrights 2018, Tatem Games.\nTous droits réservés.\nwww.tatemgames.com\n\nCopyrights 2018, Action Forms Ltd.\nTous droits réservés.\n\nMoteur audio:\nFMOD Sound System by Firelight Technologies.","#5Carnivores: Dinosaur Hunter\n#0ver.: ${version} PRO\n\n#5Tatem Games\n#0Director creativo: Yaroslav Kravchenko\nArt Director: Andrey Tykhonchuk\nProductor: Ivan Pogodichev\nProgramación: Dmitry Nechay,\nAnton Breusov,\nDmitry Ivanov,\nIgor Leontiev,\nMichael Beloded,\nConstantine Ivanov,\nEkaterina Zakharova\nDiseño del juego: Andrey Tykhonchuk,\nDmitry Nechay\nIlustraciones: Michael Korshunov\nSonido: Ivan Pogodichev\nQA: Vitaliy Litvinchuk,\nKate Lisnevskaya,\nDmitry Argirov\nRP: Olga Voitenko\nDirector ejecutivo: Igor Karev\n\n#5Action Forms\n#0Programación: Oleg Slusar,\nArtem Kuravchenko,\nAlexey Menshikov\nIlustraciones: Yaroslav Kravchenko,\nAlexey Sergiy\nDiseño del juego: Andrey Sharanevich,\nAlexander Tugaenko,\nDenis Vereschagin\nSonido: Alexey Menshikov\nBiz: Igor Karev\n\n#5Agradecimiento especial para\n#0Garrett Howard (a.k.a. Saurian Target)\nES localization: Magnathrax\n'La saga de Carnívoros'\nKerem Beyit\nZachary Murphy King\nLauren Karubian\niLand.ua\n\nCopyrights 2018, Tatem Games.\nTodos los derechos reservados.\nwww.tatemgames.com\n\nCopyrights 2018, Action Forms Ltd.\nTodos los derechos reservados.\n\nMotor de audio:\nFMOD Sound System by Firelight Technologies."
STR_CREDITS_LITE,"#5Carnivores: Dinosaur Hunter\n#0ver.: ${version}\n\n#5Tatem Games\n#0Creative Director: Yaroslav Kravchenko\nArt Director: Andrey Tykhonchuk\nProducer: Ivan Pogodichev\nProgramming: Dmitry Nechay,\nAnton Breusov,\nDmitry Ivanov,\nIgor Leontiev,\nMichael Beloded,\nConstantine Dementiev,\nConstantine Ivanov,\nEkaterina Zakharova\nGame design: Andrey Tykhonchuk,\nDmitry Nechay\nArtwork: Michael Korshunov\nSound: Ivan Pogodichev\nQA: Vitaliy Litvinchuk,\nKate Lisnevskaya,\nDmitry Argirov\nPR: Olga Voitenko\nExecutive Director: Igor Karev\n\n#5Action Forms\n#0Programming: Oleg Slusar,\nArtem Kuravchenko,\nAlexey Menshikov\nArtwork: Yaroslav Kravchenko,\nAlexey Sergiy\nGame design: Andrey Sharanevich,\nAlexander Tugaenko,\nDenis Vereschagin\nSound: Alexey Menshikov\nBiz: Igor Karev\n\n#5Special Thanks\n#0Garrett Howard (a.k.a. Saurian Target)\nES localization: Magnathrax\n'The Carnivores Saga'\nKerem Beyit\nZachary Murphy King\nLauren Karubian\n\nCopyrights 2018, Tatem Games.\nAll rights reserved.\nwww.tatemgames.com\n\nCopyrights 2018, Action Forms Ltd.\nAll rights reserved.\n\nAudio engine:\nFMOD Sound System by Firelight Technologies.","#5Carnivores: Dinosaur Hunter\n#0ver.: ${version}\n\n#5Tatem Games\n#0Kreativdirektor: Yaroslav Kravchenko\nArt Director: Andrey Tykhonchuk\nProduzent: Ivan Pogodichev\nProgrammierung: Dmitry Nechay,\nAnton Breusov,\nDmitry Ivanov,\nMichael Beloded,\nConstantine Ivanov,\nEkaterina Zakharova\nSpieledesign: Andrey Tykhonchuk,\nDmitry Nechay\nIllustrationen: Michael Korshunov\nTon: Ivan Pogodichev\nQA: Vitaliy Litvinchuk,\nKate Lisnevskaya,\nDmitry Argirov\nPR: Olga Voitenko\nVerantwortlicher Direktor: Igor Karev\n\n#5Action Forms\n#0Programmierung: Oleg Slusar,\nArtem Kuravchenko,\nAlexey Menshikov\nIllustrationen: Yaroslav Kravchenko,\nAlexey Sergiy\nSpieledesign: Andrey Sharanevich,\nAlexander Tugaenko,\nDenis Vereschagin\nTon: Alexey Menshikov\nBusiness: Igor Karev\n\n#5Besonderer Dank an\n#0Garrett Howard (a.k.a. Saurian Target)\nES localization: Magnathrax\n'The Carnivores Saga'\nKerem Beyit\nZachary Murphy King\nLauren Karubian\n\nCopyrights 2018, Tatem Games.\nAlle Rechte vorbehalten.\nwww.tatemgames.com\n\nCopyrights 2018, Action Forms Ltd.\nAlle Rechte vorbehalten.\n\nAudio engine:\nFMOD Sound System by Firelight Technologies.","#5Carnivores: Dinosaur Hunter\n#0ver.: ${version}\n\n#5Tatem Games\n#0Directeur de création: Yaroslav Kravchenko\nDirecteur artistique: Andrey Tykhonchuk\nProducteur: Ivan Pogodichev\nProgrammation: Dmitry Nechay,\nAnton Breusov,\nDmitry Ivanov,\nIgor Leontiev,\nMichael Beloded,\nConstantine Ivanov,\nEkaterina Zakharova\nGame design: Andrey Tykhonchuk,\nDmitry Nechay\nGraphismes: Michael Korshunov\nSon: Ivan Pogodichev\nQA: Vitaliy Litvinchuk,\nKate Lisnevskaya,\nDmitry Argirov\nRelations presse: Olga Voitenko\nDirecteur exécutif: Igor Karev\n\n#5Action Forms\n#0Programmation: Oleg Slusar,\nArtem Kuravchenko,\nAlexey Menshikov\nGraphismes: Yaroslav Kravchenko,\nAlexey Sergiy\nGame design: Andrey Sharanevich,\nAlexander Tugaenko,\nDenis Vereschagin\nSon: Alexey Menshikov\nBiz: Igor Karev\n\n#5Remerciements à\n#0Garrett Howard (a.k.a. Saurian Target)\nES localization: Magnathrax\n'The Carnivores Saga'\nKerem Beyit\nZachary Murphy King\nLauren Karubian\n\nCopyrights 2018, Tatem Games.\nTous droits réservés.\nwww.tatemgames.com\n\nCopyrights 2018, Action Forms Ltd.\nTous droits réservés.\n\nMoteur audio:\nFMOD Sound System by Firelight Technologies.","#5Carnivores: Dinosaur Hunter\n#0ver.: ${version}\n\n#5Tatem Games\n#0Director creativo: Yaroslav Kravchenko\nArt Director: Andrey Tykhonchuk\nProductor: Ivan Pogodichev\nProgramación: Dmitry Nechay,\nAnton Breusov,\nDmitry Ivanov,\nIgor Leontiev,\nMichael Beloded,\nConstantine Ivanov,\nEkaterina Zakharova\nDiseño del juego: Andrey Tykhonchuk,\nDmitry Nechay\nIlustraciones: Michael Korshunov\nSonido: Ivan Pogodichev\nQA: Vitaliy Litvinchuk,\nKate Lisnevskaya,\nDmitry Argirov\nRP: Olga Voitenko\nDirector ejecutivo: Igor Karev\n\n#5Action Forms\n#0Programación: Oleg Slusar,\nArtem Kuravchenko,\nAlexey Menshikov\nIlustraciones: Yaroslav Kravchenko,\nAlexey Sergiy\nDiseño del juego: Andrey Sharanevich,\nAlexander Tugaenko,\nDenis Vereschagin\nSonido: Alexey Menshikov\nBiz: Igor Karev\n\n#5Agradecimiento especial para\n#0Garrett Howard (a.k.a. Saurian Target)\nES localization: Magnathrax\n'La saga de Carnívoros'\nKerem Beyit\nZachary Murphy King\nLauren Karubian\niLand.ua\n\nCopyrights 2018, Tatem Games.\nTodos los derechos reservados.\nwww.tatemgames.com\n\nCopyrights 2018, Action Forms Ltd.\nTodos los derechos reservados.\n\nMotor de audio:\nFMOD Sound System by Firelight Technologies."
STR_DAILYOFFER_TEXT,"You received\n free daily reward!\nCome back tomorrow\nto get more!","Sie erhalten\n kostenlose\ntägliche Belohnung!\nKomm morgen wieder,\num mehr zu bekommen!","Vous avez reçu\n gratuitement\n récompense tous les jours!\nReviens demain pour\nen avoir plus!","Usted recibió\n recompensa\n diaria gratuita.\nVuelve mañana para\nobtener más!"
STR_DAILYOFFER_TITLE,"DAILY REWARD","TÄGLICHEN BONUS","PRIME QUOTIDIENNE","DIARIO PREMIO"
STR_DAWN_FULL,"DAWN","MORGEN","Aube","Amanecer"
STR_DAWN_INFO,"Dawn is good time for hunting herbivorous\n creatures, because they are less scarable.\n Carnivores are less agressive at dawn.","Das Morgengrauen ist eine ideale Tageszeit\nfür die Jagd auf Pflanzenfresser, da sie sich\nweniger leicht erschrecken. Fleischfresser\nsind im Morgengrauen weniger aggressiv.","L'aube est le meilleur moment pour chasser\nles herbivores, car ils sont moins facilement\neffrayés. Les carnivores sont également\nmoins agressifs.","El amanecer es un buen momento para cazar\n criaturas herbívoras porque son menos\n propensas a asustarse fácilmente.\nLos carnívoros son menos agresivos\nal amanecer."
STR_DAY_FULL,"DAY","TAG","Jour","DÍA"
STR_DAY_INFO,"Day is a best time for hunt, because you can see\n every move of a dinosaur much better than at\n night or dawn. It is good for beginners.","Tagsüber ist die beste Zeit zum Jagen, da die\nBewegungen der Dinosaurier besser erkennbar\nsind als nachts oder im Morgengrauen.\nDies ist eine gute Tageszeit für Neulinge.","Le jour est le meilleur moment pour chasser,\ncar tu décèles les mouvements du gibier\nbien mieux qu'àl'aube ou que de nuit.\nC'est la meilleure période pour les\ndébutants.","El día es el mejor momento para cazar,\n porque podrás ver todos los movimientos\n de los dinosaurios de mejor manera que\n si lo hicieras de noche o al amanecer.\n Es especialmente bueno para\nlos novatos."
STR_DELETE_TROPHY_NO,"cancel","zurück","annuler","cancelar"
STR_DELETE_TROPHY_ORLY,"Do you really want\nto remove this trophy\nfrom your trophy room?","Wollt ihr diese Trophäe wirklich\naus eurem Trophäenzimmer entfernen?","Veux-tu vraiment supprimer ce\ntrophée de ta Salle des Trophées?","¿Quieres quitar este trofeo\nde tu sala de trofeos?"
STR_DELETE_TROPHY_YES,"remove","entfernen","supprimer","quitar"
STR_DINOSAURS_HUNTED,"Dinosaurs hunted down: ","Erlegte Dinosaurier: ","Dinosaures chassés: ","Dinosaurios cazados: "
STR_PARASAUROLOPHUS,"Parasaurolophus","Parasaurolophus","Parasaurolophus","Parasaurolofus"
STR_PARASAUROLOPHUS_INFO,"Length: 15-24 ft (5-8 m)\n Weight: up to 3.5 tons\nDiet: plants\nScore: %d\n\nNot dangerous.\n\nSight: ={^^\nScent: ===^\nHearing: ====","Länge: 5-8 m\n Gewicht: bis zu 3.5 Tonnen\nErnährung: Pflanzen\nPunktzahl: %d\n\nUngefährlich.\n\nSicht: ={^^\nGeruchssinn: ===^\nGehor: ====","Taille: 5 à 8 m\n Poids: jusqu'à 3.5 tonnes\nRégime alimentaire:\nherbivore\nScore: %d\n\nInoffensif.\n\nVue: ={^^\nOdorat: ===^\nOuïe: ====","Altura: 5-8 metros\n Peso: hasta 3.5 toneladas\nDieta: plantas\nPuntuación: %d\n\nNo es peligroso.\n\nVista: ={^^\nOlfato: ===^\nOído: ===="
STR_ANKYLOSAURUS,"Ankylosaurus","Ankylosaurus","Ankylosaure","Anquilosaurio"
STR_ANKYLOSAURUS_INFO,"Length: 12-21 ft (4-7 m)\n Weight: up to 2.5 tons\nDiet: plants\nScore: %d\n\nNot dangerous.\n\nSight: =={^\nScent: ={^^\nHearing: ===^","Länge: 4-7 m\n Gewicht: bis zu 2.5 Tonnen\nErnährung: Pflanzen\nPunktzahl: %d\n\nUngefährlich.\n\nSicht: =={^\nGeruchssinn: ={^^\nGehor: ===^","Taille: 4 à 7 m\n Poids: jusqu'à 2.5 tonnes\nRégime alimentaire:\nherbivore\nScore: %d\n\nInoffensif.\n\nVue: =={^\nOdorat: ={^^\nOuïe: ===^","Altura: 4-7 metros\n Peso: hasta 2.5 toneladas\nDieta: plantas\nPuntuaci: %d\n\nNo es peligroso.\n\nVista: =={^\nOlfato: ={^^\nOído: ===^"
STR_STEGOSAURUS,"Stegosaurus","Stegosaurus","Stégosaure","Estegosaurio"
STR_STEGOSAURUS_INFO,"Length: 18-30 ft (6-10 m)\n Weight: up to 7 tons\nDiet: plants\nScore: %d\n\nNot dangerous.\n\nSight: =={^\nScent: ={^^\nHearing: ===^","Länge: 6-10 m\n Gewicht: bis zu 7 Tonnen\nErnährung: Pflanzen\nPunktzahl: %d\n\nUngefährlich.\n\nSicht: =={^\nGeruchssinn: ={^^\nGehor: ===^","Taille: 6 à 10 m\n Poids: jusqu'à 7 tonnes\nRégime alimentaire:\nherbivore\nScore: %d\n\nInoffensif.\n\nVue: =={^\nOdorat: ={^^\nOuïe: ===^","Altura: 6-10 metros\n Peso: hasta 7 toneladas\nDieta: plantas\nPuntuaci: %d\n\nNo es peligroso.\n\nVista: =={^\nOlfato: ={^^\nOído: ===^"
STR_ALLOSAURUS,"Allosaurus","Allosaurus","Allosaure","Alosaurio"
STR_ALLOSAURUS_INFO,"Length: 12-18 ft (4-6 m)\n Weight: up to 2.5 tons\nDiet: herbivorous dinosaurs\nScore: %d\n\nExtremely dangerous!\n\nSight: ==^^\nScent: ====\nHearing: =^^^","Länge: 4-6 m\n Gewicht: bis zu 2.5 Tonnen\nErnährung: pflanzenfressende\nDinosaurier\nPunktzahl: %d\n\nExtrem gefährlich!\n\nSicht: ==^^\nGeruchssinn: ====\nGehor: =^^^","Taille: 4 à 6 m\n Poids: jusqu'à 2.5 tonnes\nRégime alimentaire:\ndinosaures herbivores\nScore: %d\n\nExtrêmement\ndangereux!\n\nVue: ==^^\nOdorat: ====\nOuïe: =^^^","Altura: 4-6 metros\n Peso: hasta 2.5 toneladas\nDieta: dinosaurios\nherbívoros\nPuntuaci: %d\n\n¡Extremadamente\npeligroso!\n\nVista: ==^^\nOlfato: ====\nOído: =^^^"
STR_CHASMOSAURUS,"Chasmosaurus","Chasmosaurus","Chasmosaure","Chasmosaurio"
STR_CHASMOSAURUS_INFO,"Length: 18-24 ft (6-8 m)\n Weight: up to 4.5 tons\nDiet: fibrous plants\nScore: %d\n\nDangerous if wounded.\n\nSight: ={^^\nScent: =={^\nHearing: ==^^","Länge: 6-8 m\n Gewicht: bis zu 4.5 Tonnen\nErnährung: faserige Pflanzen\nPunktzahl: %d\n\nGefährlich wenn\nverwundet.\n\nSicht: ={^^\nGeruchssinn: =={^\nGehor: ==^^","Taille: 6 à 8 m\n Poids: jusqu'à 4.5 tonnes\nRégime alimentaire:\nplantes fibreuses\nScore: %d\n\nDangereux quand\nil est blessé.\n\nVue: ={^^\nOdorat: =={^\nOuïe: ==^^","Altura: 6-8 metros\n Peso: hasta 4.5 toneladas\nDieta: plantas fibrosas\nPuntuaci: %d\n\nEs peligroso si\nse lo hiere.\n\nVista: ={^^\nOlfato: =={^\nOído: ==^^"
STR_VELOCIRAPTOR,"Velociraptor","Velociraptor","Velociraptor","Velocirráptor"
STR_VELOCIRAPTOR_INFO,"Length: 9-15 ft (3-5 m)\n Weight: up to 2 tons\nDiet: large dinosaurs\nScore: %d\n\nExtremely dangerous!\n\nSight: ==^^\nScent: ====\nHearing: ===^","Länge: 3-5 m\n Gewicht: bis zu 2 Tonnen\nErnährung: große Dinosaurier\nPunktzahl: %d\n\nExtrem gefährlich!\n\nSicht: ==^^\nGeruchssinn: ====\nGehor: ===^","Taille: 3 à 5 m\n Poids: jusqu'à 2 tonnes\nRégime alimentaire:\ngros dinosaures\nScore: %d\n\nExtrêmement\ndangereux!\n\nVue: ==^^\nOdorat: ====\nOuïe: ===^","Altura: 3-5 metros\n Peso: hasta 2 toneladas\nDieta: dinosaurios grandes\nPuntuaci: %d\n\n¡Extremadamente\npeligroso!\n\nVista: ==^^\nOlfato: ====\nOído: ===^"
STR_SPINOSAURUS,"Spinosaurus","Spinosaurus","Spinosaure","Espinosaurio"
STR_SPINOSAURUS_INFO,"Length: 32-45 ft (10-14 m)\n Weight: up to 15 tons\nDiet: large dinosaurs\nScore: %d\n\nExtremely dangerous!\n\nSight: ===^\nScent: ==={\nHearing: =={^","Länge: 10-14 m\n Gewicht: bis zu 15 Tonnen\nErnährung: große Dinosaurier\nPunktzahl: %d\n\nExtrem gefährlich!\n\nSicht: ===^\nGeruchssinn: ==={\nGehor: =={^","Taille: 10 à 14 m\n Poids: jusqu'à 15 tonnes\nRégime alimentaire:\ngros dinosaures\nScore: %d\n\nExtrêmement\ndangereux!\n\nVue: ===^\nOdorat: ==={\nOuïe: =={^","Altura: 10-14 metros\n Peso: hasta 15 toneladas\nDieta: dinosaurios grandes\nPuntuaci: %d\n\n¡Extremadamente\npeligroso!\n\nVista: ===^\nOlfato: ==={\nOído: =={^"
STR_CERATOSAURUS,"Ceratosaurus","Ceratosaurus","Ceratosaure","Ceratosaurio"
STR_CERATOSAURUS_INFO,"Length: 24-30 ft (8-10 m)\n Weight: up to 6 tons\nDiet: large dinosaurs\nScore: %d\n\nExtremely dangerous!\n\nSight: ===^\nScent: ====\nHearing: ===^","Länge: 8-10 m\n Gewicht: bis zu 6 Tonnen\nErnährung: große Dinosaurier\nPunktzahl: %d\n\nExtrem gefährlich!\n\nSicht: ===^\nGeruchssinn: ====\nGehor: ===^","Taille: 8 à 10 m\n Poids: jusqu'à 6 tonnes\nRégime alimentaire:\ngros dinosaures\nScore: %d\n\nExtrêmement\ndangereux!\n\nVue: ===^\nOdorat: ====\nOuïe: ===^","Altura: 8-10 metros\n Peso: hasta 6 toneladas\nDieta: dinosaurios grandes\nPuntuaci: %d\n\n¡Extremadamente\npeligroso!\n\nVista: ===^\nOlfato: ====\nOído: ===^"
STR_T_REX,"T-Rex","T-Rex","Tyrannosaure","T. rex"
STR_T_REX_INFO,"Length: 30-42 ft (10-14 m)\n Weight: up to 8 tons\nDiet: Everything that moves\nScore: %d\n\nThe only way to kill T-Rex\nis shooting his eye.\n\nSight: ===^\nScent: ==={\nHearing: ===^","Länge: 10-14 m\n Gewicht: bis zu 8 Tonnen\nErnährung: Alles, was sich\nbewegt\nPunktzahl: %d\n\nDer T-Rex kann nur\ndurch einen Schuss ins\nAuge getötet werden.\n\nSicht: ===^\nGeruchssinn: ==={\nGehor: ===^","Taille: 10 à 14 m\n Poids: jusqu'à 8 tonnes\nRégime alimentaire:\nDévore tout ce qui bouge\nScore: %d\n\nLe seul moyen de tuer\nun tyrannosaure est de\ntirer dans ses yeux.\n\nVue: ===^\nOdorat: ==={\nOuïe: ===^","Altura: 10-14 metros\n Peso: hasta 8 toneladas\nDieta: Todo lo que se mueva\nPuntuaci: %d\n\nLa única manera de\nmatar a un T. rex es\ndispararle en los ojos.\n\nVista: ===^\nOlfato: ==={\nOído: ===^"
STR_PACHYCEPHALLOSAURUS,"Pachycephalosaurus","Pachycephalosaurus","Pachycephalosaure","Paquicefalosaurio"
STR_PACHYCEPHALLOSAURUS_INFO,"Length: 12-18 ft (4-6 m)\n Weight: up to 2 tons\nDiet: plants\nScore: %d\n\nNot dangerous.\n\nSight: =={^\nScent: ={^^\nHearing: ===^","Länge: 4-6 m\n Gewicht: bis zu 2 Tonnen\nErnährung: Pflanzen\nPunktzahl: %d\n\nUngefährlich.\n\nSicht: =={^\nGeruchssinn: ={^^\nGehor: ===^","Taille: 4 à 6 m\n Poids: jusqu'à 2 tonnes\nRégime alimentaire:\nherbivore\nScore: %d\n\nInoffensif.\n\nVue: =={^\nOdorat: ={^^\nOuïe: ===^","Altura: 4-6 metros\n Peso: hasta 2 toneladas\nDieta: plantas\nPuntuaci: %d\n\nNo es peligroso.\n\nVista: =={^\nOlfato: ={^^\nOído: ===^"
STR_AMARGASAURUS,"Amargasaurus","Amargasaurus","Amargasaurus","Amargasaurus"
STR_AMARGASAURUS_INFO,"Length: 24-30 ft (8-10 m)\n Weight: up to 8 tons\nDiet: plants\nScore: %d\n\nNot dangerous.\n\nSight: ==^^\nScent: ===^\nHearing: =={^","Länge: 8-10 m\n Gewicht: bis zu 8 Tonnen\nErnährung: Pflanzen\nPunktzahl: %d\n\nUngefährlich.\n\nSicht: ==^^\nGeruchssinn: ===^\nGehor: =={^","Taille: 8 à 10 m\n Poids: jusqu'à 8 tonnes\nRégime alimentaire:\nherbivore\nScore: %d\n\nInoffensif.\n\nVue: ==^^\nOdorat: ===^\nOuïe: =={^","Altura: 8-10 metros\n Peso: hasta 8 toneladas\nDieta: plantas\nPuntuaci: %d\n\nNo es peligroso.\n\nVista: ==^^\nOlfato: ===^\nOído: =={^"
STR_OVIRAPTOR,"Oviraptor","Oviraptor","Oviraptor","Oviraptor"
STR_OVIRAPTOR_INFO,"Length: 6-9 ft (2-3 m)\n Weight: up to 1 ton\nDiet: everything\nScore: %d\n\nExtremely dangerous!\n\nSight: =={^\nScent: ===^\nHearing: ==^^","Länge: 2-3 m\n Gewicht: bis zu 1 Tonnen\nErnährung: Alles, was\nsich bewegt\nPunktzahl: %d\n\nExtrem gefährlich!\n\nSicht: =={^\nGeruchssinn: ===^\nGehor: ==^^","Taille: 2 à 3 m\n Poids: jusqu'à 1 tonnes\nRégime alimentaire:\nDévore tout ce qui bouge\nScore: %d\n\nExtrêmement\ndangereux!\n\nVue: =={^\nOdorat: ===^\nOuïe: ==^^","Altura: 2-3 metros\n Peso: hasta 1 toneladas\nDieta: Todo lo que se mueva\nPuntuaci: %d\n\n¡Extremadamente\npeligroso!\n\nVista: =={^\nOlfato: ===^\nOído: ==^^"
STR_TROODON,"Troodon","Troodon","Troodon","Troodon"
STR_TROODON_INFO,"Length: 9-15 ft (3-5 m)\n Weight: up to 2 tons\nDiet: large dinosaurs\nScore: %d\n\nExtremely dangerous!\n\nSight: =={^\nScent: ===^\nHearing: =={^","Länge: 3-5 m\n Gewicht: bis zu 2 Tonnen\nErnährung: große Dinosaurier\nPunktzahl: %d\n\nExtrem gefährlich!\n\nSicht: =={^\nGeruchssinn: ===^\nGehor: =={^","Taille: 3 à 5 m\n Poids: jusqu'à 2 tonnes\nRégime alimentaire:\ngros dinosaures\nScore: %d\n\nExtrêmement\ndangereux!\n\nVue: =={^\nOdorat: ===^\nOuïe: =={^","Altura: 3-5 metros\n Peso: hasta 2 toneladas\nDieta: dinosaurios grandes\nPuntuaci: %d\n\n¡Extremadamente\npeligroso!\n\nVista: =={^\nOlfato: ===^\nOído: =={^"
STR_UTAHRAPTOR,"Utahraptor","Utahraptor","Utahraptor","Utahraptor"
STR_UTAHRAPTOR_INFO,"Length: 18-24 ft (6-8 m)\n Weight: up to 3 tons\nDiet: large dinosaurs\nScore: %d\n\nExtremely dangerous!\n\nSight: ===^\nScent: ===^\nHearing: ===^","Länge: 6-8 m\n Gewicht: bis zu 3 Tonnen\nErnährung: große Dinosaurier\nPunktzahl: %d\n\nExtrem gefährlich!\n\nSicht: ===^\nGeruchssinn: ===^\nGehor: ===^","Taille: 6 à 8 m\n Poids: jusqu'à 3 tonnes\nRégime alimentaire:\ngros dinosaures\nScore: %d\n\nExtrêmement\ndangereux!\n\nVue: ===^\nOdorat: ===^\nOuïe: ===^","Altura: 6-8 metros\n Peso: hasta 3 toneladas\nDieta: dinosaurios grandes\nPuntuaci: %d\n\n¡Extremadamente\npeligroso!\n\nVista: ===^\nOlfato: ===^\nOído: ===^"
STR_CARNOTAURUS,"Carnotaurus","Carnotaurus","Carnotaurus","Carnotaurus"
STR_CARNOTAURUS_INFO,"Length: 25-30 ft (8-9 m)\n Weight: up to 3 tons\nDiet: Meat,\nperhaps other dinosaurs\nScore: %d\n\nExtremely dangerous!\n\nSight: =={^\nScent: ={^^\nHearing: ===^","Länge: 8-9 m\n Gewicht: bis zu 3 Tonnen\nErnährung: Fleisch, vielleicht\nauch andere dinosaurus\nPunktzahl: %d\n\nExtrem gefährlich!\n\nSicht: ==^^\nGeruchssinn: ===^\nGehor: =={^","Taille: 8 à 9 m\n Poids: jusqu'à 3 tonnes\nRégime alimentaire:\nViande, peut-être autres\ndinosaures\nScore: %d\n\nExtrêmement\ndangereux!\n\nVue: ==^^\nOdorat: ===^\nOuïe: =={^","Altura: 8-9 metros\n Peso: hasta 3 toneladas\nDieta: Carne, quizás\notros dinosaurios\nPuntuaci: %d\n\n¡Extremadamente\npeligroso!\n\nVista: ==^^\nOlfato: ===^\nOído: =={^"
STR_COELOPHYSIS,"Coelophysis","Coelophysis","Coelophysis","Coelophysis"
STR_COELOPHYSIS_INFO,"Length: 6-9 ft (2-3 m)\n Weight: up to 30 kg\nDiet: Meat,\nperhaps other dinosaurs\nScore: %d\n\nDangerous if disturbed.\n\nSight: ==^^\nScent: ===^\nHearing: =={^","Länge: 2-3 m\n Gewicht: bis zu 0.03 Tonnen\nErnährung: große Dinosaurier\nPunktzahl: %d\n\nGefährlich, wenn seine\nRuhe gestört wird.\n\nSicht: =={^\nGeruchssinn: ===^\nGehor: =={^","Taille: 2 à 3 m\n Poids: jusqu'à 0.03 tonnes\nRégime alimentaire:\nViande, peut-être autres\ndinosaures\nScore: %d\n\nDangereux quand.\nil est dérangé.\n\nVue: =={^\nOdorat: ===^\nOuïe: =={^","Altura: 2-3 metros\n Peso: hasta 0.03 toneladas\nDieta: Carne, quizás\notros dinosaurios\nPuntuaci: %d\n\nEs peligroso si se lo\nmolesta.\n\nVista: =={^\nOlfato: ===^\nOído: =={^"
STR_IGUANODON,"Iguanodon","Iguanodon","Iguanodon","Iguanodon"
STR_IGUANODON_INFO,"Length: 12-18 ft (6-9 m)\n Weight: up to 4.5 tons\nDiet: plants\nScore: %d\n\nDangerous if wounded.\n\nSight: =={^\nScent: ===^\nHearing: ==^^","Länge: 9 m\n Gewicht: bis zu 4.5 Tonnen\nErnährung: Fleisch und \noder Pflanzen\nPunktzahl: %d\n\nGefährlich wenn\nverwundet.\n\nSicht: ===^\nGeruchssinn: ===^\nGehor: ===^","Taille: 6 à 9 m\n Poids: jusqu'à 4.5 tonnes\nRégime alimentaire:\nherbivore\nScore: %d\n\nDangereux quand.\nil est blessé.\n\nVue: =={^\nOdorat: ===^\nOuïe: ==^^","Altura: 6-9 metros\n Peso: hasta 4.5 toneladas\nDieta: plantas\nPuntuaci: %d\n\nEs peligroso si se lo\nhiere.\n\nVista: =={^\nOlfato: ===^\nOído: ==^^"
STR_GIGANTORAPTOR,"Gigantoraptor","Gigantoraptor","Gigantoraptor","Gigantoraptor"
STR_GIGANTORAPTOR_INFO,"Length: 26 ft (8 m)\n Weight: up to 2 tons\nDiet: meat and plants\nScore: %d\n\nExtremely dangerous!\n\nSight: =={^\nScent: ===^\nHearing: =={^","Länge: 8 m\n Gewicht: bis zu 2 Tonnen\nErnährung: Fleisch und \noder Pflanzen\nPunktzahl: %d\n\nExtrem gefährlich!\n\nSicht: ===^\nGeruchssinn: ===^\nGehor: ===^","Taille: 8 m\n Poids: jusqu'à 2 tonnes\nRégime alimentaire:\nviande et ou de plantes\nScore: %d\n\nExtrêmement\ndangereux!\n\nVue: ===^\nOdorat: ===^\nOuïe: ===^","Altura: 8 metros\n Peso: hasta 2 toneladas\nDieta: carne y/o\nplantas\nPuntuaci: %d\n\n¡Extremadamente\npeligroso!\n\nVista: ===^\nOlfato: ===^\nOído: ===^"
STR_EVACUATION_1,"Preparing for evacuation...","Evakuierung wird vorbereitet ...","Préparation à l'évacuation...","Preparando para evacuar..."
STR_EVACUATION_2,"%d seconds left.","Noch %d Sekunden.","encore %d seconde(s).","Restan %d segundos."
STR_FACEBOOK_LOGIN,"[LOGIN TO FACEBOOK]","[BEI FACEBOOK EINLOGGEN]","[CONNEXION À FACEBOOK]","[INGRESAR A FACEBOOK]"
STR_FACEBOOK_LOGOUT,"[LOGOUT FROM FACEBOOK]","[AUS FACEBOOK AUSLOGGEN]","[DÉCONNEXION DE FACEBOOK]","[SALIR DE FACEBOOK]"
STR_FEW_PTS_POPUP_GET,"get credits","erhalten","obtenir","obten"
STR_FEW_PTS_POPUP_SKIP,"Skip","Auslassen","Passer","Omitir"
STR_FIRING_METHOD,"FIRING METHOD","FEUERMETHODE","MÉTHODE DE TIR","MÉTODO DE DISPARO"
STR_FULL_INFO,"#6full game info!","Alle Infos zum Spiel!","#6Toutes les infos sur le jeu!","#6¡Información completa del juego!"
STR_GAME_ESCAPE,"ESCAPE!","FLUCHT!","FUIR!","¡ESCAPAR!"
STR_GAME_EXIT,"EXIT","BEENDEN","QUITTER","SALIR"
STR_GAME_MENU,"menu","menü","menu","menú"
STR_GAME_OPTIONS,"OPTIONS","OPTIONEN","OPTIONS","OPCIONES"
STR_GAME_RELOCATE,"RELOCATE","UMZUG","TRANSFERT","TRASLADAR"
STR_GAME_RESTART,"RESTART","NEUSTART","RÉESSAYER","REINICIAR"
STR_GAME_RESULTS,"GAME RESULTS:","SPIELERGEBNISSE:","RESULTATS:","RESULTADOS DEL JUEGO:"
STR_GAME_RESUPPLY,"RESUPPLY","AUSRÜSTEN","RAVITAILLER","REPONER"
STR_GAME_STATISTICS,"STATS","STATISTIK","STATISTIQUE","ESTADÍSTICA"
STR_GO,"go","LOS","ALLEZ","AVANZAR"
STR_HELP,"help","HILFE","AIDE","AYUDA"
STR_HELP_CONTROLS,"controls","STEUERUNG","COMMANDES","CONTROLES"
STR_HELP_DINOPEDIA,"dinopedia","DINOPEDIA","DINOPÉDIE","DINOPEDIA"
STR_HELP_HUNTING,"hunting","JAGD","LA CHASSE","CACERÍA"
STR_HIGH,"HIGH","HOCH","ÉLEVÉE","ALTA"
STR_HUNT,"hunt","JAGD","CHASSER","CACERÍA"
STR_IMPERIAL,"IMPERIAL","BRITISCH","IMPÉRIALES","IMPERIAL"
STR_INVERT_HORIZONTAL,"INVERT CAMERA X","X-ACHSE UMKEHREN","INVERSION CAMÉRA X","INVERTIR CÁMARA EJE X"
STR_INVERT_VERTICAL,"INVERT CAMERA Y","Y-ACHSE UMKEHREN","INVERSION CAMÉRA Y","INVERTIR CÁMARA EJE Y"
STR_ESCAPED,"YOU'VE SUCCESSFULLY ESCAPED!","EURE FLUCHT WAR ERFOLGREICH!","TU AS RÉUSSI À T'ECHAPPER!","¡HAS ESCAPADO EXITOSAMENTE!"
STR_KILLED_BEAR,"YOU'VE BEEN KILLED BY A BEAR!","IHR WURDET VON EINEM BäR GETÖTET!","TU AS ÉTÉ TUÉ PAR UN OURS!","¡TE HA MATADO UN OSO!"
STR_KILLED_BIGFOOT,"YOU'VE BEEN KILLED BY THE YETI!","IHR WURDET VON EINEM DER YETI GETÖTET!","TU AS ÉTÉ TUÉ PAR UN YÉTI!","¡TE HA MATADO UN PIE GRANDE!"
STR_KILLED_BRONTOTERIY,"YOU'VE BEEN KILLED BY A BRONTOTERIY!","IHR WURDET VON EINEM BRONTOTHERIA GETÖTET!","TU AS ÉTÉ TUÉ PAR UN BRONTOTERIY!","¡TE HA MATADO UN BRONTOTERIOS!"
STR_KILLED_DEER,"YOU'VE BEEN KILLED BY A MEGALOCEROS!","IHR WURDET VON EINEM RIESENHIRSCH GETÖTET!","TU AS ÉTÉ TUÉ PAR UN MEGALOCÉROS!","¡TE HA MATADO UN MEGALOCERO!"
STR_KILLED_DIATRYMA,"YOU'VE BEEN KILLED BY A DIATRYMA!","IHR WURDET VON EINEM GASTORNIS GETÖTET!","TU AS ÉTÉ TUÉ PAR UN DIATRYMA!","¡TE HA MATADO UN DIATRYMA!"
STR_KILLED_OVIRAPTOR,"YOU'VE BEEN KILLED BY OVIRAPTOR!","IHR WURDET VON EINEM OVIRAPTOR GETÖTET!","TU AS ÉTÉ TUÉ PAR UN OVIRAPTOR!","¡TE HA MATADO UN OVIRAPTOR!"
STR_KILLED_TROODON,"YOU'VE BEEN KILLED BY TROODON!","IHR WURDET VON EINEM TROODON GETÖTET!","TU AS ÉTÉ TUÉ PAR UN TROODON!","¡TE HA MATADO UN TROODON!"
STR_KILLED_UTAHRAPTOR,"YOU'VE BEEN KILLED BY UTAHRAPTOR!","IHR WURDET VON EINEM UTAHRAPTOR GETÖTET!","TU AS ÉTÉ TUÉ PAR UN UTHARAPTOR!","¡TE HA MATADO UN UTHARAPTOR!"
STR_KILLED_CARNOTAURUS,"YOU'VE BEEN KILLED BY CARNOTAURUS!","IHR WURDET VON EINEM CARNOTAURUS GETÖTET!","TU AS ÉTÉ TUÉ PAR UN CARNOTAURUS!","¡TE HA MATADO UN CARNOTAURUS!"
STR_KILLED_COELOPHYSIS,"YOU'VE BEEN KILLED BY COELOPHYSIS!","IHR WURDET VON EINEM COELOPHYSIS GETÖTET!","TU AS ÉTÉ TUÉ PAR UN COELOPHYSIS!","¡TE HA MATADO UN COELOPHYSIS!"
STR_KILLED_IGUANODON,"YOU'VE BEEN KILLED BY IGUANODON!","IHR WURDET VON EINEM IGUANODON GETÖTET!","TU AS ÉTÉ TUÉ PAR UN IGUANODON!","¡TE HA MATADO UN IGUANODON!"
STR_KILLED_GIGANTORAPTOR,"YOU'VE BEEN KILLED BY GIGANTORAPTOR!","IHR WURDET VON EINE0IGANTORAPTOR GETÖTET!","TU AS ÉTÉ TUÉ PAR UN GIGANTORAPTOR!","¡TE HA MATADO UN GIGANTORAPTOR!"
STR_KILLED_ALLOSAURUS,"YOU'VE BEEN KILLED BY ALLOSAURUS!","IHR WURDET VON EINEM ALLOSAURUS GETÖTET!","TU AS ÉTÉ TUÉ PAR UN ALLOSAURE!","¡TE HA MATADO UN ALOSAURIO!"
STR_KILLED_CHASMOSAURUS,"YOU'VE BEEN KILLED BY CHASMOSAURUS!","IHR WURDET VON EINEM CHASMOSAURUS GETÖTET!","TU AS ÉTÉ TUÉ PAR UN CHASMOSAURE!","¡TE HA MATADO UN CHASMOSAURIO!"
STR_KILLED_VELOCIRAPTOR,"YOU'VE BEEN KILLED BY VELOCIRAPTOR!","IHR WURDET VON EINEM VELOCIRAPTOR GETÖTET!","TU AS ÉTÉ TUÉ PAR UN VELOCIRAPTOR!","¡TE HA MATADO UN VELOCIRRÁPTOR!"
STR_KILLED_SPINOSAURUS,"YOU'VE BEEN KILLED BY SPINOSAURUS!","IHR WURDET VON EINEM SPINOSAURUS GETÖTET!","TU AS ÉTÉ TUÉ PAR UN SPINOSAURE!","¡TE HA MATADO UN ESPINOSAURIO!"
STR_KILLED_CERATOSAURUS,"YOU'VE BEEN KILLED BY CERATOSAURUS!","IHR WURDET VON EINEM CERATOSAURUS GETÖTET!","TU AS ÉTÉ TUÉ PAR UN CERATOSAURE!","¡TE HA MATADO UN CERATOSAURIO!"
STR_KILLED_T_REX,"YOU'VE BEEN KILLED BY T-REX!","IHR WURDET VON EINEM T-REX GETÖTET!","TU AS ÉTÉ TUÉ PAR UN TYRANNOSAURE!","¡TE HA MATADO UN T. Rex!"
STR_KILLED_FOG,"YOU'VE BEEN MELTED IN LAVA!","IHR WURDET IN DER LAVA GERÖSTET!","TU AS BRÛLÉ DANS LA LAVE!","¡TE HAS FUNDIDO EN LAVA!"
STR_KILLED_HYAENODON,"YOU'VE BEEN KILLED BY A HYAENODON!","IHR WURDET VON EINEM HYAENODON GETÖTET!","TU AS ÉTÉ TUÉ PAR UN HYAENODON!","¡TE HA MATADO UN HYAENODON!"
STR_KILLED_INDRICOTHERE,"YOU'VE BEEN KILLED BY THE INDRICOTHERIUM!","IHR WURDET VON EINEM INDRICOTHERIUM GETÖTET!","TU AS ÉTÉ TUÉ PAR UN INDRICOTHERIUM!","¡TE HA MATADO UN INDRICOTHERIUM!"
STR_KILLED_MAMMOTH,"YOU'VE BEEN KILLED BY A MAMMOTH!","IHR WURDET VON EINEM MAMMUT GETÖTET!","TU AS ÉTÉ TUÉ PAR UN MAMMOUTH!","¡TE HA MATADO UN MAMUT!"
STR_KILLED_RHINOCEROS,"YOU'VE BEEN KILLED BY A RHINOCEROS!","IHR WURDET VON EINEM WOLLNASHORN GETÖTET!","TU AS ÉTÉ TUÉ PAR UN RHINOCÉROS LAINEUX!","¡TE HA MATADO UN RINOCERONTE LANUDO!"
STR_KILLED_SMILODON,"YOU'VE BEEN KILLED BY A SMILODON!","IHR WURDET VON EINEM SäBELZAHNKATZE GETÖTET!","TU AS ÉTÉ TUÉ PAR UN SMILODON!","¡TE HA MATADO UN SMILODON!"
STR_KILLED_TITANIS,"YOU'VE BEEN KILLED  BY THE TITANIS!","IHR WURDET VON EINEM TITANIS GETÖTET!","TU AS ÉTÉ TUÉ PAR UN TITANIS!","¡TE HA MATADO UN TITANIS!"
STR_KILLED_WATER,"YOU'VE BEEN DROWNED!","IHR SEID ERTRUNKEN!","TU T'ES NOYÉ!","¡TE HAS AHOGADO!"
STR_KILLED_WILD_BOAR,"YOU'VE BEEN KILLED BY A WILD BOAR!","IHR WURDET VON EINEM WILDER EBER GETÖTET!","TU AS ÉTÉ TUÉ PAR UN SANGLIER SAUVAGE!","¡TE HA MATADO UN JABALÍ!"
STR_KILLED_WOLF,"YOU'VE BEEN KILLED BY A WOLF!","IHR WURDET VON EINEM WOLF GETÖTET!","TU AS ÉTÉ TUÉ PAR UN LOUP!","¡TE HA MATADO UN LOBO!"
STR_KILLED_ANDREWSARCHUS,"YOU'VE BEEN KILLED  BY THE ANDREWSARCHUS!","IHR WURDET VON EINEM ADREWSARCHUS GETÖTET!","TU AS ÉTÉ TUÉ PAR UN ANDREWSARCHUS!","¡TE HA MATADO UN ANDREWSARCHUS!"
STR_KILLED_DOEDICURUS,"YOU'VE BEEN KILLED BY A DOEDICURUS!","IHR WURDET VON EINEM DOEDICURUS GETÖTET!","TU AS ÉTÉ TUÉ PAR UN DOEDICURES!","¡TE HA MATADO UN DOEDICURUS!"
STR_LEFTY_MODE,"LEFTY MODE","LINKSHÄNDERMODUS","MODE GAUCHER","MODO PARA ZURDOS"
STR_LEFT_BUTTON,"BUTTON ON THE LEFT SIDE","KNOPF LINKE SEITE","BOUTON À GAUCHE","BOTÓN EN EL LADO IZQUIERDO"
STR_LOADING_AREA,"Loading Area...","Beladung des Geländes...","Surface utile...","Espacio de carga..."
STR_LOW,"LOW","NIEDRIG","BASSE","BAJA"
STR_MAX_DINOS_RESTRICT,"You can't select more than 9 dinosaurs!","Sie können nicht mehr als 9 Dinosaurs wählen.","Vous ne pouvez pas choisir plus de 9 dinosaures","No se puede elegir más de 9 dinosaurios"
STR_MEASUREMENT,"MEASUREMENT","MASSEINHEITEN","UNITÉS","MEDIDAS"
STR_MEDIUM,"MEDIUM","MITTEL","INTERMÉDIAIRE","MEDIA"
STR_METRIC,"METRIC","METRISCH","MÉTRIQUES","MÉTRICA"
STR_MIDDLE_BUTTON,"BUTTON ON THE WEAPON","KNOPF AN DER WAFFE","BOUTON SUR L'ARME","BOTÓN EN EL ARMA"
STR_MORE,"more","MEHR","PLUS","MÁS"
STR_MORE_GAMES,"more games","MEHR SPIELE","PLUS DE JEUX","MÁS JUEGOS"
STR_NEXT,"next","WEITER","SUITE","SIGUIENTE"
STR_NIGHT_FULL,"NIGHT","NACHT","Nuit","Noche"
STR_NIGHT_INFO,"You are hunting at night using night-vision\n system. At night many of small herbivorous\n creatures are sleeping. However,\n carnivores are more agressive at night.","Für die Jagd bei Nacht könnt ihr ein\nNachtsichtgerät benutzen. Viele kleinere\nPflanzenfresser schlafen nachts.\nDie Fleischfresser sind nachts\njedoch aggressiver.","Il est possible de chasser de nuit en utilisant des\nsystèmes de vision nocturne. La nuit, la plupart\ndes herbivores dorment. Mais les carnivores\nsont plus agressifs.","Con un sistema de visión nocturna podrás\n cazar de noche. Muchas criaturas herbívoras\n pequeñas duermen por la noche.\n Sin embargo, ten en cuenta que los\n carnívoros son más agresivos de noche."
STR_NO,"No","Keine","Non","no"
STR_OBSERVER_MODE_FULL,"OBSERVER MODE","BEOBACHTUNGSMODUS","MODE OBSERVATION","MODO OBSERVADOR"
STR_OBSERVER_MODE_INFO,"Use the Observer Mode to familiarize yourself\n with dinosaur behavior and different terrain.\n Please note that no weapons and accesories\n are available in this mode except\n binoculars and area map.","Im Beobachtungsmodus könnt ihr euch mit dem\nVerhalten der Dinosaurier und den\nGeländebedingungen vertraut machen.\nIn diesem Modus stehen euch außer\nFernglas und Karte keinerlei Waffen\nund Zubehör zur Verfügung.","Sers-toi du mode Observation pour te familiariser\navec le comportement des dinosaures et le relief\ndu terrain. Note bien qu'aucune arme ou\naccessoire, en dehors des jumelles\net de la carte, n'est accessible\ndans ce mode.","Utiliza el Modo observador para familiarizarte\ncon el comportamiento de los dinosaurios\ny los diferentes tipos de terreno. Ten en\ncuenta que en este Modo no tendrás\na tu disposición objetos ni armas,\nsolo podrás llevar binoculares y\nun mapa del área."
STR_OFF,"OFF","AUS","NON","APAGADO"
STR_OFFERS,"SPONSORED OFFERS","ANGEBOTE VON SPONSORS","OFFRE SPONSORISÉ","OFERTAS PROMOCIONADAS"
STR_OFFERS_DESCRIPTION,"Looking for FREE stuff?\nTap the buttons on the left to\ninstall other games and get\nFREE Credits or watch ads\nfrom our partners and get\none FREE Resupply or\nFREE Relocation.","Suchen Sie für FREI stuff? Tippen\nSie auf die Tasten auf der linken\nSeite, um andere Spiele zu\ninstallieren und bekommen\nFREI Punkte oder schauen\nAnzeigen von unseren\nPartnern und erhalten ein FREI\nAusrüsten oder FREI Ort\nwechseln","Cherchez des trucs gratuits?\nappuyez sur le bouton à gauche\npour installer autres jeux et\nobtenir Crédit gratuit ou\nregarder la publisité des nos\nassosiés et obtenir un\nRevitaillement gratuit ou\nTransfer gratuit.","Buscas cosas GRATIS? Haz click\nen los botones de la izquierda\npara instalar otros juegos y\nobten creditos GRATUITOS o\nmira los anuncios de nuestros\nsocios y obten una recarga\no teletransportacion\nGRATIS"
STR_OFFLINE,"You are offline","Sie sind offline","Vous êtes déconnecté","Usted no está en línea"
STR_ON,"ON","AN","OUI","ENCENDIDO"
STR_OPTIONS,"options","OPTIONEN","options","OPCIONES"
STR_OUT_OF_AMMO,"Out of ammo!","Keine Munition mehr!","Plus de munitions!","¡Sin munición!"
STR_PATH_TRAVELED,"Path traveled: ","Zurückgelegte Strecke: ","Distance parcourue: ","Camino recorrido: "
STR_PHOTOMODE_CAMERA_ROLL,"CAMERA ROLL","BILDERGALERIE","GALERIE","ROLLO DE CÁMARA"
STR_PHOTOMODE_ZOOM,"Zoom: ","Zoom: ","Zoom: ","Zoom: "
STR_COST,"cost:","Kosten:","Coût:","Costo:"
STR_PROGRESS_SYNCHRONIZED,"Progress is synchronized","Der Fortschritt wird synchronisiert","Progrès est synchronisé","El progreso se sincroniza"
STR_PURCHASES_DISABLED,"In-App purchases are disabled on this device","In-App-Käufe sind auf diesem Gerät deaktiviert","Achats in-app sont désactivés sur cet appareil","Compras in-app están deshabilitados en este dispositivo"
STR_PURCHASES_RESTORED,"Purchases were restored","Käufe wurden restauriert","Les achats ont été restaurés","Se restauraron compras"
STR_QUICK_TAP,"QUICK TAP","KURZES TIPPEN","APPUI RAPIDE","PULSACIÓN RÁPIDA"
STR_RADAR_FULL,"RADAR","RADAR","RADAR","RADAR"
STR_READ_HELP,"read!","LESEN!","À LIRE !","¡LEER!"
STR_RELOCATE,"RELOCATE","UMZUG","TRANSFERT","TRASLADAR"
STR_RELOCATION_1,"Preparing for relocation...","Ortswechsel wird vorbereitet ...","Préparation au transfert...","Preparando para desplazar..."
STR_RESET_TO_DEFAULTS,"[RESET TO DEFAULTS]","[RESET] ","[RÉINITIALISER]","[REAJUSTAR] "
STR_RESTART_NO,"cancel","zurück","annuler","cancelar"
STR_RESTART_YES,"restart","neustart","RÉESSAYER","reiniciar"
STR_RESTART_ORLY,"Do you really want\nto restart the game?\nAll your score and trophies\nwill be lost!","Wollt ihr das Spiel\n wirklich neu starten?\nAlle Punkte und Trophäen\n gehen verloren!","Veux-tu vraiment redémarrer le jeu?\nTous les points et les trophées\nsont perdus!","¿Deseas realmente reiniciar el juego?\n¡Perderás los puntos y trofeos obtenidos\nhasta el momento!"
STR_RESTORE_PURCHASES,"Restore\npurchases","Punkte\nerneuern","Restaurer\nles achats","Restaurar\nlas compras"
STR_SCORE,"Score: ","Punktzahl: ","Score: ","Puntuación: "
STR_SENSITIVITY,"SENSITIVITY","EMPFINDLICHKEIT","SENSIBILITÉ","SENSIBILIDAD"
STR_SHOOTING_SCORE,"Shooting score: ","Abschusspunkte: ","Score de tir: ","Puntuación de disparos: "
STR_SHOTS_MADE,"Shots fired: ","Abgegebene Schüsse: ","Nombre de tirs: ","Disparos realizados: "
STR_SHOTS_SUCCEED,"Shots successful: ","Treffer: ","Nombre de tirs réussis: ","Disparos exitosos: "
STR_SOUND_VOLUME,"SOUND VOLUME","LAUTSTÄRKE","VOLUME DU SON","VOLUMEN DEL SONIDO"
STR_SPECIFY_DESTINATION,"SPECIFY THE TARGET DESTINATION","ZIELORT ANGEBEN","INDIQUE TA DESTINATION","ESPECIFICA EL DESTINO AL QUE QUIERES IR"
STR_SPECIFY_DESTINATION_POSITION,"Please specify the target destination\n on map and tap the 'Relocate' button","Bitte geben Sie den Zielort auf der Karte\n und tippen Sie auf den 'Umzug' Taste","S'il vous plaît spécifier la destination\n cible sur la carte et appuyez sur\n le bouton 'Transfert'","Por favor especificar el destino objetivo\n en el mapa y pulse el botón de 'Trasladar'"
STR_STATISTICS_CONTINUE,"done","fertig","fait","hecho"
STR_STATISTICS_HUNT,"HUNT STATISTICS:","JAGDSTATISTIKEN: ","STATISTIQUES DE CHASSE:","ESTADÍSTICAS DE LA CACERÍA:"
STR_STATISTICS_PLAY_AGAIN,"again","nochmals","encore","otra vez"
STR_STATISTICS_SURVIVE,"SURVIVE STATISTICS:","ÜBERLEBENSSTATISTIKEN: ","STATISTIQUES DE SURVIE:","ESTADÍSTICAS DE SUPERVIVENCIA:"
STR_SURVIVE,"survive","ÜBERLEBEN","SURVIE","SUPERVIVENCIA"
STR_SYNC_MESSAGE,"Do you want to synchronize your progress with iCloud server?","Do you want to synchronize your progress with iCloud server?","Do you want to synchronize your progress with iCloud server?","Do you want to synchronize your progress with iCloud server?"
STR_TIME,"Time: ","Zeit: ","Temps: ","Duración: "
STR_TRANQUILIZER_FULL,"TRANQUILIZER","BETäUBUNGSMITTEL","TRANQUILLISANT","TRANQUILIZANTE"
STR_TROPHY,"trophy","TROPHÄE","TROPHÉE","TROFEO"
STR_TROPHY_LENGTH,"Length: ","Länge: ","Taille: ","Altura: "
STR_TROPHY_NAME,"Name: ","Gattung: ","Nom: ","Nombre: "
STR_TROPHY_RANGE,"Range of kill: ","Tötungsentfernung: ","Portée de tir: ","Distancia al blanco: "
STR_TROPHY_SCORE,"Score: ","Punktzahl: ","Score: ","Puntuación: "
STR_TROPHY_WEAPON,"Weapon: ","Waffe: ","Arme: ","Arma: "
STR_TROPHY_WEIGHT,"Weight: ","Gewicht: ","Poids: ","Peso: "
STR_UPDATE,"Update","Download","Télécharger","Descargar"
STR_UPDATE_TEXT,"A free update for Carnivores\nis available for download.\nGet it now on Google Play\nfor a better game experience.","Ein kostenloses Update für Carnivores\nist zum Download verfügbar.\nJetzt auf Google Play für\neine bessere Spielerfahrung.","Une mise à jour gratuite pour Carnivores\nest disponible en téléchargement.\nObtenez-le maintenant sur Google Play\npour une meilleure expérience de jeu.","Una actualización gratuita para Carnivores\nestá disponible para su descarga.\nConsíguelo ahora en Google Play para\nuna experiencia de juego mejor."
STR_UPDATE_TITLE,"New version available","Neue Version verfügbar","Nouvelle version disponible","Nueva versión disponible"
STR_VISUAL_QUALITY,"GRAPHICS QUALITY","GRAFIKQUALITÄT","QUALITÉ DES GRAPHISMES","CALIDAD DE GRÁFICOS"
STR_WAVE,"Wave: ","Angriffswelle: ","Vague: ","Oleada: "
STR_WEAPON1,"Pistol","Pistole","Pistolet","Pistola"
STR_WEAPON1_INFO,"This weapon has a rapid firing rate, but its\n accuracy declines depending on the range of shot.\n It is very good for close combat. The pistol\n will scare plant eaters, but the noise\n will alert dangerous carnivores.\n\nPower: =^^^ Precision: ={^^\nLoudness: ={^^ Firing Rate: ===^","Diese Waffe hat eine schnelle Feuerrate, ihre\nGenauigkeit nimmt jedoch mit zunehmender\nEntfernung ab. Sie ist ausgezeichnet für\nden Nahkampf. Die Pistole erschreckt\n Pflanzenfresser, der Lärm kann jedoch\ngefährliche Fleischfresser anlocken.\n\nFeuerkraft: =^^^ Genauigkeit: ={^^\nLautstärke: ={^^ Feuerrate: ===^","Cette arme a une cadence de tir élevée,\nmais sa précision décroît avec la distance.\nElle est efficace à courte portée.\nLe bruit du pistolet effraie les herbivores,\nmais il peut aussi attirer des\ncarnivores dangereux.\n\n\nPuissance: =^^^ Précision: ={^^\nBruit: ={^^ Cadence de tir: ===^","Este arma tiene una buena cadencia de disparo,\npero su precisión empeora a mayor distancia al\nobjetivo. Es muy buena para combate cerrado.\nLa pistola ahuyentará a los animales\nherbívoros, pero el ruido alertará a los\ncarnívoros más peligrosos.\n\nPotencia: =^^^ Precisión: ={^^\nRuido: ={^^ Tasa de disparo: ===^"
STR_WEAPON2,"Shotgun","Schrotflinte","Fusil de chasse","Escopeta"
STR_WEAPON2_INFO,"This is a very powerful weapon that uses buck-shot\nbullets as an ammunition. The grouping of shots \ndecreases on farther distances. Shooting\n from this weapon requires less precise\n aiming due to its grouping of shots.\n\nPower: ===^ Precision: {^^^\nLoudness: ===^ Firing Rate: ={^^","Eine sehr mächtige Waffe, die Schrotkugeln\nals Munition verwendet. Die Streuung der\nSchrotkugeln nimmt mit der Entfernung zu.\nDurch die Streuung der Schrotmunition\nerfordert diese Waffe weniger\nZielgenauigkeit.\n\nFeuerkraft: ===^ Genauigkeit: {^^^\nLautstärke: ===^ Feuerrate: ={^^","Une arme très puissante utilisant des cartouches\nde chevrotine. Les chevrotines s'éparpillent assez\nrapidement avec la distance. Viser avec cette\narme demande moins de précision en raison\nde la zone d'éparpillement.\n\n\n\nPuissance: ===^ Précision: {^^^\nBruit: ===^ Cadence de tir: ={^^","Esta es un arma muy poderosa, que usa\nperdigones como munición. El agrupamiento\nde los proyectiles decrece a medida que se\nalejan. Al disparar este arma necesitarás\nmenos puntería, la expansión de los\nperdigones logra cubrir más espacio que\nuna bala.\nPotencia: ===^ Precisión: {^^^\nRuido: ===^ Tasa de disparo: ={^^"
STR_WEAPON3,"DB Shotgun","Dl-Schrotflinte","Fusil à deux canons","Escopeta doble"
STR_WEAPON3_INFO,"This weapon is same as shotgun, but can make\n two shots almost simultaneously. However,\n it makes a lot of noise, so it will scare all\n plant eaters and some small carnivores,\n causing them to run away.\n\nPower: ===^ Precision: {^^^\nLoudness: ==== Firing Rate: ===^","Diese Waffe ähnelt der Schrotflinte, kann jedoch\nzwei Schuss fast gleichzeitig abfeuern. Sie macht\njedoch einen Höllenlärm und erschreckt\nPflanzenfresser und manche kleine\nFleischfresser, so dass diese\ndavonlaufen.\n\nFeuerkraft: ===^ Genauigkeit: {^^^\nLautstärke: ==== Feuerrate: ===^","Identique au fusil de chasse, mais pouvant\ntirer deux fois quasi simultanément.\nC'est une arme très bruyante qui\neffraie les herbivores\net certains petits carnivores,\n les faisant détaler.\n\n\nPuissance: ===^ Précision: {^^^\nBruit: ==== Cadence de tir: ===^","Este arma es similar a la escopeta, salvo que esta\npuede disparar dos disparos casi\nsimultáneamente. Sin embargo, debido\nal ruido que hace, espantará a los\nherbívoros y a algunos pequeños\ncarnívoros, que huirán de inmediato.\n\nPotencia: ===^ Precisión: {^^^\nRuido: ==== Tasa de disparo: ===^"
STR_WEAPON4,"X-Bow","Kreuzbogen","Arbalète","Ballesta"
STR_WEAPON4_INFO,"This weapon has two target areas, called aiming\n pins. The top pin is sighted in for 40 meters,\n and the bottom pin is sighted for 80 meters.\n It is relatively soundless, and can be shot\n several times without alerting dinosaurs.\n\nPower: ===^ Precision: ==^^\nLoudness: =^^^ Firing Rate: ={^^","Diese Waffe hat zwei Zielbereiche, die\nsogenannten Zielkimmen. Die obere Kimme\nist auf 40 Meter eingestellt, und die untere\nKimme auf 80 Meter. Diese Waffe ist fast\ngeräuschlos und kann mehrmals\nabgefeuert werden, ohne Dinosaurier\nzu erschrecken.\nFeuerkraft: ===^ Genauigkeit: ==^^\nLautstärke: =^^^ Feuerrate: ={^^","Cette arme a deux zones de tir, réparties\nsur deux hausses. La hausse supérieure est\nréglée à 40 m et la hausse inférieure\nà 80 m. C'est une arme silencieuse\nqui peut être tirée plusieurs\nfois sans alerter les dinosaures.\n\n\nPuissance: ===^ Précision: ==^^\nBruit: =^^^ Cadence de tir: ={^^","Esta arma tiene dos zonas de diana, llamados\npuntos de mira. El punto superior está enfocado\nen 40 metros y el punto inferior está\nenfocado en 80 metros. Es un arma bastante\nsilenciosa y de esa manera posibilita que\nrealices varios disparos sin llamar\nla atención.\nPotencia: ===^ Precisión: ==^^\nRuido: =^^^ Tasa de disparo: ={^^"
STR_WEAPON5,"Rifle","Gewehr","Carabine","Fusil"
STR_WEAPON5_INFO,"The target area for this weapon is the center of\n the sighting circle. Although powerful, aim\n your shot well. The rifle will scare plant\n eaters, causing them to scatter, but the\n noise will alert dangerous carnivores.\n\nPower: ==^^ Precision: ==={\nLoudness: ===^ Firing Rate: ===^","Der Zielbereich dieser Waffe ist das Zentrum\ndes Sichtkreises. Trotz der Feuerkraft\nsolltet ihr gut zielen. Das Gewehr\nerschreckt Pflanzenfresser und jagt sie\nauseinander. Der Lärm kann jedoch auch\ngefährliche Fleischfresser anlocken.\n\nFeuerkraft: ==^^ Genauigkeit: ==={\nLautstärke: ===^ Feuerrate: ===^","La zone d'impact se trouve au centre du cercle\ndu viseur. Bien que puissante, cette arme\nnécessite de bien viser. Le bruit du\nfusil effraie les herbivores et les force\nà se disperser, mais il peut aussi\nattirer des carnivores.\n\n\nPuissance: ==^^ Précision: ==={\nBruit: ===^ Cadence de tir: ===^","La diana de esta arma es el centro del círculo de\nla mira. Aunque es poderosa, debes apuntar bien.\nEl fusil ahuyentará a los animales herbívoros\ny de esa manera los hará dispersarse,\npero el ruido alertará a los carnívoros\nmás peligrosos.\n\nPotencia: ==^^ Precisión: ==={\nRuido: ===^ Tasa de disparo: ===^"
STR_WEAPON6,"Sniper rifle","Scharfschutzengewehr","Fusil de sniper","Fusil de francotirador"
STR_WEAPON6_INFO,"This weapon is very accurate, and will shoot\n exactly where the crosshairs are placed. Its range\n goes as far as the binoculars, but is narrow.\n This is not a weapon for a charging meat\neater, but fantastic for distance shots.\n\nPower: ==^^ Precision: ====\nLoudness: ===^ Firing Rate: ==^^","Diese Waffe ist extrem zielgenau und schießt\ngenau auf die Stelle, an der sich das Fadenkreuz\nbefindet. Die Reichweite entspricht der des\nFernglases, der Zielbereich ist jedoch sehr\nschmal. Dies ist keine Waffe für einen\nanstürmenden Fleischfresser, sie eignet\nsich jedoch ausgezeichnet für Schüße\nauf große Entfernungen.\nFeuerkraft: ==^^ Genauigkeit: ====\nLautstärke: ===^ Feuerrate: ==^^","Cette arme est très précise et tire exactement\nlà où se trouve la visée. Sa portée\nest équivalente à celle des jumelles,\nmais elle limite la vision périphérique.\nCe n'est pas une arme à employer contre\ndes carnivores qui t'attaquent, mais elle\nfait merveille à longue distance.\n\nPuissance: ==^^ Précision: ====\nBruit: ===^ Cadence de tir: ==^^","Esta arma es muy precisa y hará blanco\n exactanmente donde esté posada la retícula\n de la mira. Su mira telescópica tiene\n un alcance similar al de unos\n binoculares pero estrechará\n mucho tu campo de visión.\n\nPotencia: ==^^ Precisión: ====\nRuido: ===^ Tasa de disparo: ==^^"
STR_YES,"Yes","Ja","Oui","sí"
STR_YOUR_ACCOUNT,"Your Account:","Euer Konto:","Ton compte:","Tu cuenta:"
STR_CLOUD_DIALOG_MESSAGE_LOAD,"Loading score from the Cloud...","Punktzahl wird aus der Cloud abgerufen ...","Chargement du score depuis le cloud...","Cargando puntuación desde la nube..."
STR_CLOUD_DIALOG_MESSAGE_SAVE,"Saving score to the Cloud...","Punktzahl wird in der Cloud gespeichert ...","Enregistrement du score vers le cloud...","Guardando puntuación en la nube..."
STR_CLOUD_PROGRESS_UNSAVED_INTERNET,"Check your Internet connection.\nYour progress won't be stored.","Überprüfe deine Internetverbindung.\nDein Fortschritt wird nicht gespeichert.","Vérifiez votre connexion Internet.\nVotre progression ne sera pas sauvegardée.","Comprueba tu conexión a Internet.\nTus progresos no se guardarán."
STR_CLOUD_PROGRESS_UNSAVED_LOGIN,"Your progress won't be stored.\nPlease sign in.","Dein Fortschritt wird nicht gespeichert.\nBitte melde dich an.","Votre progression ne sera pas sauvegardée.\nVeuillez vous connecter.","Tus progresos no se guardarán.\nInicia sesión."
STR_GOOGLE_GAMES_SIGN_IN,"[CLOUD SIGN IN]","[CLOUD-ANMELDUNG]","[CONNEXION AU CLOUD]","[INICIAR SESIÓN EN LA NUBE]"
STR_GOOGLE_GAMES_SIGN_OUT,"[CLOUD SIGN OUT]","[CLOUD-ABMELDUNG]","[DÉCONNEXION AU CLOUD]","[CERRAR SESIÓN EN LA NUBE]"
STR_REVIVE_BUTTON_TEXT,"get revive","Wiederbeleben","Ranimation","consigue Revivir"
STR_REVIVE_DESCRIPTION,"#1Revive now to continue your hunting \nsession and save your trophies!","#1Belebe dich jetzt wieder, um die Jagd\nfortzusetzen und deine Trophäen zu speichern!","#1Revenez à la vie pour continuer votre\nchasse et sauvegarder vos trophées !","¡#1Revive ahora para seguir con tu sesión de\ncaza y guardar tus trofeos!"
STR_REVIVE_NO_ADS,"#1No ads available, try again later.","#1Keine Werbung verfügbar, versuche es später noch einmal.","#1Aucune annonce disponible, réessayez plus tard.","#1No hay anuncios disponibles. Inténtalo de nuevo más tarde."
STR_REVIVE_OFFLINE,"#1Revive option requires an Internet connection.","#1Für eine Wiederbelebung ist eine\n Internetverbindung erforderlich.","#1Loption de ranimation\n nécessite une connexion Internet.","#1La opción Revivir requiere una\n conexión a Internet."
STR_REVIVE_PENALTY_TEXT,"#1Additional %d credits will be charged \nfrom current trophies rewards.","#1Es werden %d zusätzliche Credits\nvon den aktuellen Trophäen-Belohnungen abgezogen.","#1%d crédits seront ajoutés pour\nvos récompenses de trophées actuels.","#1Se cargarán %d créditos adicionales\npor las recompensas de los trofeos actuales."
STR_REVIVE_POPUP_TITLE,"INSTANT REVIVE!","SOFORTIGE WIEDERBELEBUNG!","RANIMATION INSTANTANÉE !","¡REVIVE AL INSTANTE!"
STR_ACHIEVEMENT_UNLOCKED,"Achievement unlocked","Auszeichnung freigeschaltet","Réalisation déverrouillée","Logro desbloqueado"
STR_FREE,"FREE!","KOSTENLOS!","GRATUIT !","¡GRATIS!"
STR_GET_FREE_CONTENT_TITLE,"Get %s for free!","Erhalte %s kostenlos!","Obtenez %s gratuitement !","¡Consigue %s gratis!"
STR_GET_FREE_CONTENT_DESCRIPTION,"%s for one hunt session \nfor watching video AD!","%s für eine Jagdsaison,\nwenn du dir ein Video ansiehst!","%s pour une chasse\nsi vous regardez l'annonce vidéo !","¡%s por una sesión de caza\npor ver un videoanuncio!"
STR_GET_FREE_CONTENT_GET,"GET","MEHR","OBTENIR","CONSEGUIR"
STR_GET_RELOCATE_AVAILABLE_TIME,"Relocate available\nafter %d sec.","Umsiedlung verfügbar\nnach %d Sek.","Déplacement disponible\naprès %d secondes.","Reubicación disponible\ntras %d segundos."
STR_SHOULD_PICK_UP_RESUPPLY,"Please pick up resupply package!","Bitte nimm dir dein Nachschubpaket!","Veuillez récupérer le colis de ravitaillement !","¡Recoge un paquete de suministros!"
STR_RESUPPLY_ON_THE_WAY,"Spaceship with resupply package on the way!","Raumschiff mit Nachschubpaket ist unterwegs!","Vaisseau spatial avec colis de ravitaillement en route !","¡Nave con paquete de suministros en camino!"
STR_NO_RESUPPLY_IN_WATER,"It's impossible to get resupplied in the water","Du kannst im Wasser kein Nachschub erhalten.","Cest impossible de se faire ravitailler dans leau","Es imposible reabastecerse en el agua."
STR_MOSCHOPS,"Moschops","Moschops","Moschops","Moschops"
STR_GALLIMIMUS,"Gallimimus","Gallimimus","Gallimimus","Gallimimus"
STR_DIMORPHODON,"Dimorphodon","Dimorphodon","Dimorphodon","Dimorphodon"
STR_PTERANODON,"Pteranodon","Pteranodon","Pteranodon","Pteranodon"
STR_DIMETRODON,"Dimetrodon","Dimetrodon","Dimetrodon","Dimetrodon"
STR_BRACHIOSAURUS,"Brachiosaurus","Brachiosaurus","Brachiosaurus","Brachiosaurus"
STR_PRO_BUNDLE,"PRO HUNTING BUNDLE","PROFIJÄGER-PAKET","PACK DE CHASSE PRO","LOTE DE CAZA PROFESIONAL"
STR_PRO_BUNDLE_DESCRIPTION,"Upgrade now and gain FULL access to an amazing hunting world.\nUnlock territory, powerful weapons and incredible wild animals to\ntrack and hunt.","Upgrade jetzt und erhalte VOLLEN Zugang zu einer fantastischen Welt des Jagens.\nSchalte Territorien, mächtige Waffen und unglaubliche\nwilde Tiere zum Aufspüren und Jagen frei.","Mettez le jeu à niveau et obtenez laccès COMPLET à un monde de chasse formidable.\nDéverrouillez des territoires, des armes puissantes et dincroyables\nanimaux sauvages à chasser.","Actualiza ahora y obtén acceso total a un increíble mundo de caza.\nDesbloquea territorios, armas potentes y animales salvajes fascinantes para\nperseguirlos y cazarlos."
STR_FREE_FROM_ADS,"AD FREE!","OHNE WERBUNG!","ANNONCE GRATUITE !","¡ANUNCIO GRATIS!"
STR_UPGRADE_NOW,"Upgrade Now!","Jetzt upgraden!","Mettre à niveau !","¡Actualiza ya!"
STR_PUBLISH_TROPHY," shot a %.02f tons %s with a %s in the %s%s"," hat einen %.02f-Tonnen %s mit %s in %s%s geschossen"," a tiré sur un %s de %.02f tonnes avec un(e) %s dans %s%s"," disparó a un %s de %.02f toneladas con un arma de tipo %s en %s para %s"
STR_PUBLISH_STATISTICS," set the score of %d playing Survive mode in the %s%s"," hat im Überlebensmodus %d Punkte in %s%s erzielt"," établit le score de %d dans le mode Survie de %s%s"," consiguió una puntuación de %d jugando al modo Supervivencia de %s para %s"
STR_PHOTO_CAMERA,"Photo camera","Fotokamera","Appareil photo","Cámara de fotos"
STR_REVOLVER,"Revolver","Revolver","Revolver","Revólver"
STR_REVOLVER_INFO,"This weapon is extremely powerful, but be careful\n while using a revolver since it doesnt have many\n shots, its strong recoil can affect accuracy,\n and the loud noise can scare your prey\n away drawing unwanted attention.\n\nPower: ==={ Precision: ==^^\nLoudness: ==== Firing Rate: =={^","Diese Waffe ist extrem stark, doch achte\nbeim Revolver auf die begrenzte Munition,\nden starken Rückstoß und den Lärm,\n der deine Beute verscheuchen und\n ungewollte Aufmerksamkeit\n auf dich ziehen kann.\n\nFeuerkraft: ==={ Genauigkeit: ==^^\nLautstärke: ==== Feuerrate: =={^","Cette arme est extrêmement puissante, mais\n faites attention, car elle n'a pas beaucoup\n de coups, son recul est fort et peut affecter\n la précision, et son bruit peut faire\n fuir votre proie et attirer une\n attention non désirée.\n\n\nPuissance: ==== Précision: ==^^\nBruit: ==== Cadence de tir: =={^","Esta arma es increíblemente potente,\n pero ten cuidado al usarla, ya que no tiene\n muchos disparos, su fuerte\n retroceso puede afectar a la precisión\ny el ruido puede asustar a tu presa\nal llamar su atención sin querer.\n\nPotencia: ==={ Precisión: ==^^\nRuido: ==== Tasa de disparo: =={^"
STR_SHOP_CREDITS,"CREDITS","CREDITS","CRÉDITS ","CRÉDITOS"
STR_SHOP_CREDITS_DESCRIPTION_1,"%d $ \nby watching video","%d $ \n fürs Ansehen eines Videos","%d $ \nen regardant la vidéo","%d $ \npor vídeo visto"
STR_SHOP_CREDITS_DESCRIPTION_2,"Get EVEN MORE Credits\nby completing\nsponsored offers!","Erhalte NOCH MEHR Credits,\nindem du Angebote\n von Sponsoren wahrnimmst!","Obtenez ENCORE PLUS de crédits\nen terminant\nles offres sponsorisées !","¡Consigue AÚN MÁS créditos\nal completar\nofertas patrocinadas!"
STR_SHOP_RESUPPLIES,"RESUPPLIES","NACHSCHUB","RAVITAILLEMENT","SUMINISTROS"
STR_SHOP_RESUPPLIES_DESCRIPTION_1,"%d Resupply\nby watching video","%d Nachschub\nfürs Ansehen eines Videos","%d ravitaillement(s)\nen regardant la vidéo","%d suministros\npor vídeo visto"
STR_SHOP_RESUPPLIES_DESCRIPTION_2,"Buy 1 Resupply for %s","Kaufe 1 Nachschub für %s","Acheter 1 ravitaillement pour %s","Compra 1 de suministros por %s."
STR_SHOP_RELOCATES,"RELOCATIONS","UMSIEDLUNGEN","DÉPLACEMENTS","REUBICACIONES"
STR_SHOP_RELOCATES_DESCRIPTION_1,"%d Relocation\nby watching video","%d Umsiedlung\nfürs Ansehen eines Videos","%d déplacement(s)\nen regardant la vidéo","%d de reubicación\npor vídeo visto"
STR_SHOP_RELOCATES_DESCRIPTION_2,"Buy 1 Relocation for %s","Kaufe 1 Umsiedlung für %s","Acheter 1 déplacement pour %s","Compra 1 reubicación por %s."
STR_SHOP_IAP_SMALL_PACK,"SMALL CREDITS PACK","KLEINES CREDITS-PAKET","PETIT PACK DE CRÉDITS","PAQUETE PEQUEÑO DE CRÉDITOS"
STR_SHOP_IAP_SMALL_PACK_DESCRIPTION,"\n\nGREAT FOR BEGINNERS\nto unlock new locations,\nhunt licenses and weapons.","\n\nPERFEKT FÜR EINSTEIGER\nzum Freischalten neuer Gebiete,\nJagdscheine und Waffen.","\n\nSUPER POUR LES DÉBUTANTS\npour déverrouiller\n de nouveaux lieux,\ndes permis\n de chasse et des armes.","\n\nIDEAL PARA PRINCIPIANTES,\nque podrán desbloquear\n nuevas ubicaciones,\nlicencias de caza y armas."
STR_SHOP_IAP_BIG_PACK,"BIG CREDITS PACK","GROSSES CREDITS-PAKET","GROS PACK DE CRÉDITS","PAQUETE GRANDE DE CRÉDITOS"
STR_SHOP_IAP_BIG_PACK_DESCRIPTION,"\n\nBEST VALUE\nto unlock new locations,\nhunt licenses and weapons.","\n\nTOP-ANGEBOT\nzum Freischalten neuer Orte,\nJagdscheine und Waffen.","\n\nMEILLEURE OFFRE\npour déverrouiller\n de nouveaux lieux,\ndes permis\n de chasse et des armes.","\n\nLa MEJOR OFERTA\npara desbloquear\n nuevas ubicaciones,\nlicencias de caza y armas."
STR_SHOP_IAP_LARGE_PACK,"LARGE CREDITS PACK","RIESIGES CREDITS-PAKET","TRÈS GROS PACK DE CRÉDITS","PAQUETE ENORME DE CRÉDITOS"
STR_SHOP_IAP_LARGE_PACK_DESCRIPTION,"\n\nPRO HUNTERS CHOOSE\nPump yourself up\nto the next level.\n\nBecome a pro hunter\nand prove your skills.","\n\nFÜR PROFIJÄGER\nSteige in die nächste\nJäger-Liga auf.\n\nWerde ein Profijäger\nund zeige, was du kannst.","\n\nCHOIX DES CHASSEURS PRO\nPropulsez-vous\nau niveau suivant.\n\nDevenez pro de la chasse\net faites vos preuves.","\n\nELECCIÓN PARA\n CAZADORES PROFESIONALES\nImpúlsate hasta el siguiente nivel.\n\nConviértete en un cazador profesional\ny demuestra tus habilidades."
STR_SHOP_IAP_ULTIMATE_PACK,"ULTIMATE CREDITS PACK","ULTIMATIVES CREDITS-PAKET","PACK DE CRÉDITS SUPRÊME","PAQUETE DE CRÉDITOS DEFINITIVO"
STR_SHOP_IAP_ULTIMATE_PACK_DESCRIPTION,"\n\nVIP - DINOHUNT CORP.\nBecome a VIP member\nof DinoHunt Corp.\n\nGet access to all areas,\ndinosaurs and weapons.","\n\nVIP - DINOHUNT CORP.\nWerde ein VIP-Mitglied\nvon DinoHunt Corp.\n\nErhalte Zugang zu allen Gebieten,\nDinosauriern und Waffen.","\n\nVIP - DINOHUNT CORP.\nDevenez membre VIP\nde DinoHunt Corp.\n\nObtenez laccès à toutes les zones,\ntous les dinosaures et toutes les armes.","\n\nVIP - DINOCAZA S. A.\nConviértete en un miembro VIP\nde DinoCaza S. A.\n\nConsigue acceso a todas las zonas,\ndinosaurios y armas."
STR_SHOP_IAP_MULTIPLIER,"2X MULTIPLIER","2X-MULTIPLIKATOR","MULTIPLICATEUR X2","MULTIPLICADOR X2"
STR_SHOP_IAP_MULTIPLIER_DESCRIPTION,"DOUBLE YOUR CREDITS\nfrom each dinosaur you hunt\n\nBEST SELLER \n\nThis is a one-time purchase.\nGet it once and for all.","VERDOPPLE DIE CREDITS\nfür jeden gejagten Dinosaurier\n\nBESTSELLER \n\nDies ist ein einmaliger Kauf.\nGreif sofort zu.","DOUBLEZ VOS CRÉDITS\nà chaque dinosaure chassé\n\nMEILLEURE VENTE\n\nCest un achat unique.\nObtenez-le pour de bon.","DUPLICA TUS CRÉDITOS\npor cada dinosaurio que caces.\n\nSUPERVENTAS\n\nEsta es una compra única.\nConsíguelo de una vez por todas."
STR_SHOP_WATCH_VIDEO,"WATCH VIDEO","VIDEO ANSEHEN","REGARDER LA VIDÉO","VER VÍDEO"
STR_SHOP_MORE_OFFERS,"MORE OFFERS","MEHR ANGEBOTE","PLUS DOFFRES","MÁS OFERTAS"
STR_SHOP_BUY,"BUY","KAUFEN","ACHETER","COMPRAR"
STR_SHOP_ACTIVATED,"ACTIVATED","AKTIVIERT","ACTIVÉ","ACTIVADO"
STR_UNLOCK_ITEM_DESCRIPTION,"Are you sure want to buy \n#4%s #0for #7%d$#0?","Möchtest du wirklich\n#4%s #0für #7%d$ #0kaufen?","Voulez-vous vraiment acheter \n#4%s #0 pour #7%d $ #0?","¿Seguro que quieres comprar \n#4%s #0por #7%d$#0?"
STR_BUY,"BUY","KAUFEN","ACHETER","COMPRAR"
STR_SHOP_POPUP_TEXT,"CREDITS $ ARE GIVEN\nAFTER EACH SUCCESSFUL HUNT.\n\nYOU CAN ALSO BUY CREDITS\nOR GET THEM FOR FREE IN\nTHE STORE NOW.","CREDITS $ WERDEN NACH EINER\n ERFOLGREICHEN JAGD AUSGEZAHLT.\n\nDU KANNST JETZT AUCH\nCREDITS IM SHOP KAUFEN\nODER GRATIS ERHALTEN.","LES CRÉDITS $ SONT REÇUS\nAPRÈS CHAQUE CHASSE RÉUSSIE.\n\nVOUS POUVEZ ACHETER DES CRÉDITS\nOU LES OBTENIR GRAUITEMENT\nDANS LA BOUTIQUE.","SE OTORGAN CRÉDITOS $\nTRAS CADA CAZA SATISFACTORIA.\n\nTAMBIÉN PUEDES COMPRAR CRÉDITOS\nO CONSEGUIRLOS GRATIS EN\nLA TIENDA AHORA."
STR_SHOP_POPUP_TITLE,"YOU DO NOT HAVE\nENOUGH CREDITS","DU HAST NICHT GENUG\nCREDITS","CRÉDITS\nINSUFFISANTS","NO TIENES\nSUFICIENTES CRÉDITOS."
STR_AMMO_COST,"ammo cost:","Munitionskosten:","coût de munitions :","coste de munición:"
STR_AMMO_COST_SHORT,"ammo:","Munition:","munitions :","munición:"
STR_CREDITS_EARNED,"Credits earned: ","Credits verdient: ","Crédits obtenus : ","Créditos ganados: "
STR_CREDITS_TOTAL,"Credits total: ","Credits insgesamt: ","Total crédits : ","Créditos totales: "
STR_HELP_SCORING,"scoring","Punkte","score","puntuación"
STR_RADAR_INFO,"This allows you to view the dinosaur locations on\n the map during your hunt. Please note that\n the map shows only the dinosaurs you are\n hunting. All other dinosaurs are masked.\n Non-use of the map adds %d%% to your\n total score acquired during that hunt.","Damit kannst du dir während der Jagd die\n Dino-Gebiete auf der Karte ansehen.\n Bitte beachte, dass die Karte nur die\n Dinosaurier zeigt, die du gerade jagst.\n Alle anderen Dinosaurier sind verborgen.\n Wenn du die Karte nicht benutzt,\n erhältst du für die Jagd %d%%\n mehr Punkte gutgeschrieben.","Ceci vous permet de voir où se trouvent\n les dinosaures sur la carte pendant que vous\n chassez. Veuillez noter que la carte\n affiche seulement les dinosaures que\n vous chassez. Tous les autres\n dinosaures sont masqués.\n Si vous n'utilisez pas la carte, vous\n ajoutez %d%% à votre score total\n obtenu pendant la chasse.","Esto te permitirá ver las ubicaciones de los\n dinosaurios en el mapa durante la caza.\n Ten en cuenta que el mapa solo mostrará\n a los dinosaurios que estés cazando.\n Los demás dinosaurios estarán\n enmascarados. Si no usas el mapa,\n se añadirá %d%% a la puntuación\n total que hayas conseguido\n durante esa caza."
STR_CAMOUFLAGE_INFO,"This special suit decreases the dinosaur's ability\n to detect you by sight. Use of the\n Camouflage deducts %d%% from your total\nscore acquired during that hunt.","Dieser Spezialanzug verringert die Gefahr,\nvon Dinosauriern gesehen zu werden. Wenn ihr\nTarnung benutzt, erhaltet Ihr %d %% weniger\nPunkte für die aktuelle Jagd.","Cette tenue spéciale réduit les chances\nd'un animal de te repérer visuellement.\nL'utilisation du camouflage\nréduit de %d%% les points\ngagnés lors de la chasse.","Este traje especial provocará una disminución en\nla habilidad del dinosaurio para detectarte con su\nvista. El uso del camuflaje deducirá en un %d%%\nel total de los puntos que hayas adquirido\nen esa cacería."
STR_COVER_SCENT_INFO,"This item allows you to mask your scent,\n reducing the likelihood of you\n being spotted. Use of the Cover Scent\n deducts %d%% from your total score\n acquired during that hunt.","Dieser Gegenstand verdeckt euren Geruch und\nverringert die Gefahr, entdeckt zu werden.\nWenn ihr Witterung verdecken benutzt,\nerhaltet ihr %d %% weniger Punkte für\ndie aktuelle Jagd.","Cet accessoire permet de masquer son odeur,\nce qui réduit les chances de se faire repérer.\nL'utilisation du couvre-odeur\nréduit de %d%% les points gagnés lors\nde la chasse.","Este objeto permite enmascarar tu olor, la\nesencia que los animales captan por medio del\nolfato y así reducir la posibilidad de que\nseas detectado. El uso del mata esencia\ndeducirá en un %d%% el total de los puntos\nque hayas adquirido en esa cacería."
STR_TRANQUILIZER_INFO,"Tranquilizing a dinosaur is an alternative to\n killing it. This will drop the dinosaur where it\n stands with a quick-acting drug. Use of the\n Tranquilizer adds %d%% to your total\n score acquired during that hunt.","Betäubung ist eine der Arten, einen Dinosaurier\nzu erlegen. Er wird auf der Stelle mit einem\nschnell wirkenden Mittel betäubt. Für\nden Einsatz des Betäubungsmittels\n erhaltet ihr einen Bonus von %d %% auf\neure Punkte für die aktuelle Jagd.","Endormir un animal est une alternative au fait\nde le tuer. La cible s'écroulera sur place,\nsous l'effet d'une drogue à effet rapide.\nL'utilisation du tranquillisant\naugmente de %d%% les points gagnés\nlors de la chasse.","Una alternativa para no matar al dinosaurio\nes sedarlo. De esta manera lograrás inmovilizar\na tu presa por medio de un fármaco de\nacción rápida. El uso del Tranquilizante\nincrementará en un %d%% el total de los\npuntos que hayas adquirido en esa\ncacería."
STR_OK,"OK","OK","OK","ACEPTAR"
STR_NO_DINO,"PLEASE SELECT\n A DINOSAUR","DINOSAURIER\nAUSWÄHLEN","VEUILLEZ CHOISIR\nUN DINOSAURE","ELIGE\nUN DINOSAURIO"
STR_NO_DINO_INFO,"To start exploring you need to\n select at least one dinosaur.","Du musst mindestens einen\n Dinosaurier auswählen,\n bevor du aufbrechen kannst.","Pour commencer à explorer,\n il vous faut au moins\n un dinosaure.","Para empezar a explorar,\n tienes que elegir al menos\n a un dinosaurio."
STR_NO_WEAPON,"PLEASE SELECT\n YOUR WEAPON","WAFFE\nAUSWÄHLEN","VEUILLEZ CHOISIR\nVOTRE ARME","ELIGE\nUN ARMA"
STR_NO_WEAPON_INFO,"To start hunting you need to\n select at least one weapon.","Du musst mindestens eine Waffe auswählen,\nbevor du auf die Jagd gehen kannst.","Pour commencer à chasser,\nil vous faut au moins une arme.","Para empezar a cazar, tienes que\nelegir al menos un arma."
STR_LICENSE_COST,"license cost:","Jagdschein-Kosten:","coût du permis :","coste de licencia:"
STR_OBSERVER_MODE,"#7observer mode","#7Beobachtermodus","#7mode observateur","#7modo Observador"
STR_GET_RELOCATION_IN_GAME,"You are out of Relocations! \nYou can buy it for %s or get it for free \nby watching sponsored ads!","Du hast keine Umsiedlungen mehr!\n Du kannst eine für %s kaufen oder\n eine kostenlos erhalten, wenn du\n dir eine Sponsoren-Werbung ansiehst!","Vous navez plus de Déplacements !\nVous pouvez en acheter pour %s ou en\n obtenir gratuitement en regardant\n les annonces sponsorisées !","¡Te has quedado sin reubicaciones!\n¡Puedes comprar más por %s\n o conseguirlas gratis\nviendo anuncios patrocinados!"
STR_GET_RESUPPLY_IN_GAME,"You are out of Resupplies! \nYou can buy it for %s or get it for free \nby watching sponsored ads!","Du hast keinen Nachschub mehr! \nDu kannst welchen für %s kaufen oder\n ihn kostenlos erhalten, wenn du\n dir eine Sponsoren-Werbung ansiehst!","Vous navez plus de ravitaillements !\nVous pouvez en acheter pour %s ou en\n obtenir gratuitement en regardant\n les annonces sponsorisées !","¡Te has quedado sin suministros!\n¡Puedes comprar más por %s\n o conseguirlos gratis\nviendo anuncios patrocinados!"
STR_CREDITS_RECEIVED,"You received %d $","Du hast %d $ erhalten","Vous recevez %d $","Has recibido %d $."
STR_RESUPPLY_RECEIVED,"You received a Resupply","Du hast Nachschub erhalten","Vous avez reçu un ravitaillement","Has recibido un suministro."
STR_RELOCATION_RECEIVED,"You received a Relocation","Du hast eine Umsiedlung erhalten","Vous avez reçu un déplacement","Has recibido una reubicación."
STR_GRAPHICS,"GRAPHICS","GRAFIK","GRAPHISMES","GRÁFICOS"
STR_GRAPHICS_AUTO,"AUTO","AUTOMATISCH","AUTO","AUTOMÁTICO"
STR_GRAPHICS_BEST_QUALITY,"BEST QUALITY","BESTE QUALITÄT","MEILLEURE QUALITÉ","MEJOR CALIDAD"
STR_GRAPHICS_BEST_PERFORMANCE,"BEST PERFORMANCE","BESTE LEISTUNG","MEILLEURE PERFORMANCE","MEJOR RENDIMIENTO"
STR_GRAPHICS_POWER_SAVING,"POWER SAVING","ENERGIESPAREND","ÉCONOMIE DÉNERGIE","AHORRO DE ENERGÍA"
STR_CARNIVORES_HD_MIGRATE,"Dear Hunter, please note that this version of Carnivores is no longer supported. \nThough, the new Carnivores HD is available for installation. \nIn order to save your progress, \ndon't forget to connect the game to Google Play.","Dear Hunter, please note that this version of Carnivores is no longer supported. \nThough, the new Carnivores HD is available for installation. \nIn order to save your progress, \ndon't forget to connect the game to Google Play.","Dear Hunter, please note that this version of Carnivores is no longer supported. \nThough, the new Carnivores HD is available for installation. \nIn order to save your progress, \ndon't forget to connect the game to Google Play.","Dear Hunter, please note that this version of Carnivores is no longer supported. \nThough, the new Carnivores HD is available for installation. \nIn order to save your progress, \ndon't forget to connect the game to Google Play."
STR_PRIVACY_ACCEPT,"Accept","Accept","Accept","Accept"
STR_PRIVACY_POLICY,"Privacy Policy","Privacy Policy","Privacy Policy","Privacy Policy"
STR_PRIVACY_TOU,"Terms of Use","Terms of Use","Terms of Use","Terms of Use"
STR_PRIVACY_TOU_AND_POLICY_WINDOW_TEXT,"Terms of Use and Privacy Policy","Terms of Use and Privacy Policy","Terms of Use and Privacy Policy","Terms of Use and Privacy Policy"
STR_PRIVACY_DATA_USAGE_WINDOW_TEXT,"To give you best game experience possible\nwe collect a range of data from you.\n\nIf you want to know more about what data we collect\nand how we process it, please read Privacy Policy.","To give you best game experience possible\nwe collect a range of data from you.\n\nIf you want to know more about what data we collect\nand how we process it, please read Privacy Policy.","To give you best game experience possible\nwe collect a range of data from you.\n\nIf you want to know more about what data we collect\nand how we process it, please read Privacy Policy.","To give you best game experience possible\nwe collect a range of data from you.\n\nIf you want to know more about what data we collect\nand how we process it, please read Privacy Policy."
STR_PRIVACY_DATA_USAGE_UNDERAGE,"I'm under 16","I'm under 16","I'm under 16","I'm under 16"
STR_PRIVACY_DATA_USAGE_UNDERAGE_NOTICE,"You're underage and we cannot collect your data","You're underage and we cannot collect your data","You're underage and we cannot collect your data","You're underage and we cannot collect your data"
STR_PRIVACY_DATA_USAGE_ACCEPT,"Agree","Agree","Agree","Agree"
STR_PRIVACY_DATA_USAGE_REFUSE,"Refuse","Refuse","Refuse","Refuse"
STR_PRIVACY_MENU_BUTTON,"Privacy","Privacy","Privacy","Privacy"
STR_PRIVACY_MENU_REVOKE_BUTTON,"Revoke","Revoke","Revoke","Revoke"
STR_GRASS,"GRASS","GRAS","HERBE","CÉSPED"
STR_SHOW_FPS,"SHOW FPS","FPS ANZEIGEN","AFFICHER FPS","MOSTRAR FPS"
